
=== 06:52:00 worktree propre @ 00ab4886b85063b4cdcb158f4999adca2c67b721 ===
Preparing worktree (detached HEAD 00ab488)
HEAD is now at 00ab488 Merge pull request #14744 from nocodb/nc-fix/snapshot-null-coloptions

=== 06:52:01 git apply --check ===
0 rejects
108

=== 06:52:01 pnpm install --frozen-lockfile ===
packages/nc-gui postinstall:     at async runCommand (/home/ubuntu/boucle-runs/nocodb/install-build/node_modules/.pnpm/citty@0.2.2/node_modules/citty/dist/index.mjs:228:47)
packages/nc-gui postinstall:     at async runCommand (/home/ubuntu/boucle-runs/nocodb/install-build/node_modules/.pnpm/citty@0.2.2/node_modules/citty/dist/index.mjs:217:5)
packages/nc-gui postinstall:     at async runMain (/home/ubuntu/boucle-runs/nocodb/install-build/node_modules/.pnpm/citty@0.2.2/node_modules/citty/dist/index.mjs:394:10) 
packages/nc-gui postinstall: Failed
 ELIFECYCLE  Command failed with exit code 1.

=== reprise : sdk compilé à la main, re-run pnpm install ===
packages/nocodb                          |  WARN  The field "pnpm.onlyBuiltDependencies" was found in /home/ubuntu/boucle-runs/nocodb/install-build/packages/nocodb/package.json. This will not take effect. You should configure "pnpm.onlyBuiltDependencies" at the root of the workspace instead.
Scope: all 6 workspace projects
Lockfile is up to date, resolution step is skipped
Already up to date

╭ Warning ─────────────────────────────────────────────────────────────────────╮
│                                                                              │
│   Ignored build scripts: @sentry/cli, lz4, nestjs-pino.                      │
│   Run "pnpm approve-builds" to pick which dependencies should be allowed     │
│   to run scripts.                                                            │
│                                                                              │
╰──────────────────────────────────────────────────────────────────────────────╯

. prepare$ husky install
. prepare: husky - Git hooks installed
. prepare: Done
packages/nc-gui postinstall$ nuxt prepare
packages/nc-gui postinstall: [nc-tour-anchors] ℹ found 3 tour anchors
packages/nc-gui postinstall:  WARN  Duplicated imports "storeToRefs", the one from "pinia" has been ignored and "/home/ubuntu/boucle-runs/nocodb/install-build/node_modules/.pnpm/@pinia+nuxt@0.5.5_magicast@0.5.3_typescript@5.8.3_vue@3.5.14_typescript@5.8.3_/node_modules/@pinia/nuxt/dist/runtime/composables" is used
packages/nc-gui postinstall:  WARN  Duplicated imports "storeToRefs", the one from "pinia" has been ignored and "/home/ubuntu/boucle-runs/nocodb/install-build/node_modules/.pnpm/@pinia+nuxt@0.5.5_magicast@0.5.3_typescript@5.8.3_vue@3.5.14_typescript@5.8.3_/node_modules/@pinia/nuxt/dist/runtime/composables" is used
packages/nc-gui postinstall: │
packages/nc-gui postinstall: ◆  Types generated in .nuxt.
packages/nc-gui postinstall: Done
Done in 5.1s using pnpm v10.20.0
=== nuxt generate ===
┌  Building Nuxt for production...
│
●  Nuxt 4.5.2 (with Nitro 2.13.4, Vite 8.2.1 and Vue 3.5.14)
[nc-tour-anchors] ℹ found 3 tour anchors
│
●  Nitro preset: static

 WARN  Duplicated imports "storeToRefs", the one from "pinia" has been ignored and "/home/ubuntu/boucle-runs/nocodb/install-build/node_modules/.pnpm/@pinia+nuxt@0.5.5_magicast@0.5.3_typescript@5.8.3_vue@3.5.14_typescript@5.8.3_/node_modules/@pinia/nuxt/dist/runtime/composables" is used


 WARN  Duplicated imports "storeToRefs", the one from "pinia" has been ignored and "/home/ubuntu/boucle-runs/nocodb/install-build/node_modules/.pnpm/@pinia+nuxt@0.5.5_magicast@0.5.3_typescript@5.8.3_vue@3.5.14_typescript@5.8.3_/node_modules/@pinia/nuxt/dist/runtime/composables" is used

ℹ Building client...
ℹ vite v8.2.1 building client environment for production...
[2Ktransforming...
 WARN  [33m[INEFFECTIVE_DYNAMIC_IMPORT] [0m../../node_modules/.pnpm/xlsx@https+++cdn.sheetjs.com+xlsx-0.20.3+xlsx-0.20.3.tgz/node_modules/xlsx/xlsx.mjs is dynamically imported by helpers/parsers/ExcelTemplateAdapter.ts but also statically imported by workers/importWorker.ts, dynamic import will not move module into another chunk.


✓ 9644 modules transformed.

 WARN  [lightningcss minify] 'deep' is not recognized as a valid pseudo-class. Did you mean '::deep' (pseudo-element) or is this a typo?
4824 |    border-left-width:0px !important;border-right-width:1px !important;border-top-left-radius:0 !important;border-botto...
4825 |  }
4826 |  :deep(.field-list-with-search) .nc-divider {
     |        ^
4827 |    display: none !important;
4828 |  }


 WARN  [lightningcss minify] 'deep' is not recognized as a valid pseudo-class. Did you mean '::deep' (pseudo-element) or is this a typo?
4827 |    display: none !important;
4828 |  }
4829 |  :deep(.field-list-with-search) .nc-toolbar-dropdown-search-field-input {
     |        ^
4830 |    border-radius:0.5rem;
4831 |  }


 WARN  [lightningcss minify] 'deep' is not recognized as a valid pseudo-class. Did you mean '::deep' (pseudo-element) or is this a typo?
4830 |    border-radius:0.5rem;
4831 |  }
4832 |  :deep(.field-list-with-search) .nc-list-item {
     |        ^
4833 |    ;height:2rem;column-gap:0.375rem;
4834 |  }:deep(.field-list-with-search) .nc-list-item:hover{--un-bg-opacity:1;background-color:rgba(var(--rgb-color-gray-100)...


 WARN  [lightningcss minify] 'deep' is not recognized as a valid pseudo-class. Did you mean '::deep' (pseudo-element) or is this a typo?
4832 |  :deep(.field-list-with-search) .nc-list-item {
4833 |    ;height:2rem;column-gap:0.375rem;
4834 |  }:deep(.field-list-with-search) .nc-list-item:hover{--un-bg-opacity:1;background-color:rgba(var(--rgb-color-gray-100)...
     |         ^


 WARN  [lightningcss minify] 'global' is not recognized as a valid pseudo-class. Did you mean '::global' (pseudo-element) or is this a typo?
23 |  [data-v-b6a478da] .ant-form-item-has-success .ant-select:not(.ant-select-disabled) .ant-select-selector {
24 |    border: none !important;
25 |  }:global(body),:global(html) {
   |           ^
26 |    overscroll-behavior-x:none;
27 |  }


 WARN  [lightningcss minify] 'global' is not recognized as a valid pseudo-class. Did you mean '::global' (pseudo-element) or is this a typo?
23 |  [data-v-b6a478da] .ant-form-item-has-success .ant-select:not(.ant-select-disabled) .ant-select-selector {
24 |    border: none !important;
25 |  }:global(body),:global(html) {
   |                         ^
26 |    overscroll-behavior-x:none;
27 |  }


 WARN  [lightningcss minify] 'deep' is not recognized as a valid pseudo-class. Did you mean '::deep' (pseudo-element) or is this a typo?
468 |  .nc-long-text-expanded-textarea::-webkit-scrollbar-thumb {
469 |    border-radius:0.5rem;
470 |  }:deep(.nc-right-sidebar.ant-layout-sider-collapsed) {
    |         ^
471 |    width:0 !important;max-width:0 !important;min-width:0 !important;overflow-x:hidden !important;
472 |  }


 WARN  [lightningcss minify] 'deep' is not recognized as a valid pseudo-class. Did you mean '::deep' (pseudo-element) or is this a typo?
26 |    --un-border-opacity:1 !important;border-color:rgba(var(--rgb-color-gray-200), var(--un-border-opacity)) !important;...
27 |  }
28 |  [data-v-21bb213b] .nc-input-hook-header-key.ant-select.ant-select-auto-complete :deep(.ant-select-selector) {
   |                                                                                        ^
29 |    --un-border-opacity:1 !important;border-color:rgba(var(--rgb-color-gray-200), var(--un-border-opacity)) !important;...
30 |  }


 WARN  [lightningcss minify] 'deep' is not recognized as a valid pseudo-class. Did you mean '::deep' (pseudo-element) or is this a typo?
29 |    --un-border-opacity:1 !important;border-color:rgba(var(--rgb-color-gray-200), var(--un-border-opacity)) !important;...
30 |  }
31 |  ...t-hook-header-key.ant-select.ant-select-auto-complete :deep(.ant-select-selector) .ant-select-selection-search .an...
   |                                                                 ^
32 |    font-size:0.875rem !important;line-height:1.25rem !important;--un-text-opacity:1 !important;color:rgba(var(--rgb-co...
33 |  }


 WARN  [lightningcss minify] 'deep' is not recognized as a valid pseudo-class. Did you mean '::deep' (pseudo-element) or is this a typo?
32 |    font-size:0.875rem !important;line-height:1.25rem !important;--un-text-opacity:1 !important;color:rgba(var(--rgb-co...
33 |  }
34 |  ...t-hook-header-key.ant-select.ant-select-auto-complete :deep(.ant-select-selector) .ant-select-selection-search .an...
   |                                                                 ^
35 |    font-size:0.875rem !important;line-height:1.25rem !important;--un-text-opacity:1 !important;color:rgba(var(--rgb-co...
36 |  }


 WARN  [lightningcss minify] 'deep' is not recognized as a valid pseudo-class. Did you mean '::deep' (pseudo-element) or is this a typo?
409 |    border-radius:1.25rem !important;
410 |  }
411 |  :deep(.ant-select) .ant-select-selector {
    |        ^
412 |    border-radius:0.5rem !important;
413 |  }.ant-form-item[data-v-f25ecea6] {

rendering chunks...
computing gzip size...
ℹ node_modules/.cache/nuxt/.nuxt/dist/client/_nuxt/publisher-icon.BvtJ0ip2.svg                     5.32 kB │ gzip:   1.63 kB
node_modules/.cache/nuxt/.nuxt/dist/client/_nuxt/FileIconImageBox.BDhzy1tX.png                   6.31 kB
node_modules/.cache/nuxt/.nuxt/dist/client/_nuxt/text.DQwJfW_t.png                               6.75 kB
node_modules/.cache/nuxt/.nuxt/dist/client/_nuxt/256x256.DJId9Ub8.png                            6.89 kB
node_modules/.cache/nuxt/.nuxt/dist/client/_nuxt/256x256-trans.DTiHZPNV.png                      7.57 kB
node_modules/.cache/nuxt/.nuxt/dist/client/_nuxt/nocodb-full.BbgMiZUt.png                        9.74 kB
node_modules/.cache/nuxt/.nuxt/dist/client/_nuxt/form-banner-right.BmbQm2JY.png                 10.30 kB
node_modules/.cache/nuxt/.nuxt/dist/client/_nuxt/form-banner-left.DrBQfBtv.png                  10.65 kB
node_modules/.cache/nuxt/.nuxt/dist/client/_nuxt/nocodb-full-color.CSBD8IJY.png                 19.90 kB
node_modules/.cache/nuxt/.nuxt/dist/client/_nuxt/giftCard.2B6TXtv7.svg                          22.10 kB │ gzip:   8.72 kB
node_modules/.cache/nuxt/.nuxt/dist/client/_nuxt/nocodb-pg-integration.FHQFpA2d.png             34.05 kB
node_modules/.cache/nuxt/.nuxt/dist/client/_nuxt/nocodb.EOS_OGkb.png                            37.88 kB
node_modules/.cache/nuxt/.nuxt/dist/client/_nuxt/icon.Fyf0dzyP.png                              43.81 kB
node_modules/.cache/nuxt/.nuxt/dist/client/_nuxt/DMMono-Light.BFIVI6Ma.ttf                      48.83 kB
node_modules/.cache/nuxt/.nuxt/dist/client/_nuxt/DMMono-Regular.DjQuYRb_.ttf                    48.85 kB
node_modules/.cache/nuxt/.nuxt/dist/client/_nuxt/DMMono-Medium.Dc9tYN4r.ttf                     49.44 kB
node_modules/.cache/nuxt/.nuxt/dist/client/_nuxt/no-search-result-found.C25sXPR6.png            50.41 kB
node_modules/.cache/nuxt/.nuxt/dist/client/_nuxt/link-records.BXQG6er6.png                      65.53 kB
node_modules/.cache/nuxt/.nuxt/dist/client/_nuxt/welcome-green.CvcUz1oS.png                     70.86 kB
node_modules/.cache/nuxt/.nuxt/dist/client/_nuxt/welcome-purple.DkOAkQCn.png                    71.07 kB
node_modules/.cache/nuxt/.nuxt/dist/client/_nuxt/welcome-orange.BI4UZLQq.png                    71.17 kB
node_modules/.cache/nuxt/.nuxt/dist/client/_nuxt/api-tokens.DEwwjpuX.png                        78.76 kB
node_modules/.cache/nuxt/.nuxt/dist/client/_nuxt/codicon.DCmgc-ay.ttf                           80.34 kB
node_modules/.cache/nuxt/.nuxt/dist/client/_nuxt/recent-exports.DqvzhmHb.png                    82.21 kB
node_modules/.cache/nuxt/.nuxt/dist/client/_nuxt/form.DESRCJtL.png                              93.46 kB
node_modules/.cache/nuxt/.nuxt/dist/client/_nuxt/Inter-Thin.DzN99i8q.woff2                     109.54 kB
node_modules/.cache/nuxt/.nuxt/dist/client/_nuxt/Inter-Regular.COLGFB3M.woff2                  111.26 kB
node_modules/.cache/nuxt/.nuxt/dist/client/_nuxt/Inter-Light.14LG-y7V.woff2                    112.59 kB
node_modules/.cache/nuxt/.nuxt/dist/client/_nuxt/Inter-ExtraLight.7kXoOaX_.woff2               112.72 kB
node_modules/.cache/nuxt/.nuxt/dist/client/_nuxt/Inter-Medium.CDhBSFyE.woff2                   114.34 kB
node_modules/.cache/nuxt/.nuxt/dist/client/_nuxt/extension.CBcLQfn4.png                        114.38 kB
node_modules/.cache/nuxt/.nuxt/dist/client/_nuxt/Inter-SemiBold.BAEEcJ4E.woff2                 114.81 kB
node_modules/.cache/nuxt/.nuxt/dist/client/_nuxt/Inter-Bold.BOs3KVhN.woff2                     114.84 kB
node_modules/.cache/nuxt/.nuxt/dist/client/_nuxt/Inter-ExtraBold.BUaDDWMS.woff2                114.85 kB
node_modules/.cache/nuxt/.nuxt/dist/client/_nuxt/invite-team.CA436xx6.png                      116.46 kB
node_modules/.cache/nuxt/.nuxt/dist/client/_nuxt/Inter-ThinItalic.DxehbPeK.woff2               116.88 kB
node_modules/.cache/nuxt/.nuxt/dist/client/_nuxt/Inter-Italic.Bm_w1qmz.woff2                   117.70 kB
node_modules/.cache/nuxt/.nuxt/dist/client/_nuxt/multi-field-editor.B45ZN_Fl.png               118.75 kB
node_modules/.cache/nuxt/.nuxt/dist/client/_nuxt/Inter-ExtraLightItalic.Ox17i_b0.woff2         119.32 kB
node_modules/.cache/nuxt/.nuxt/dist/client/_nuxt/Inter-LightItalic.iBr7p6CH.woff2              119.60 kB
node_modules/.cache/nuxt/.nuxt/dist/client/_nuxt/Inter-MediumItalic.BqDObnQN.woff2             120.78 kB
node_modules/.cache/nuxt/.nuxt/dist/client/_nuxt/Inter-SemiBoldItalic.B7KOJJiL.woff2           121.41 kB
node_modules/.cache/nuxt/.nuxt/dist/client/_nuxt/Inter-BoldItalic.Cabj1n7x.woff2               121.50 kB
node_modules/.cache/nuxt/.nuxt/dist/client/_nuxt/Inter-ExtraBoldItalic.efVpd_pq.woff2          121.51 kB
node_modules/.cache/nuxt/.nuxt/dist/client/_nuxt/grid-table-brand.DSG25k30.png                 144.76 kB
node_modules/.cache/nuxt/.nuxt/dist/client/_nuxt/grid-table-orange.CoWqG7zh.png                144.99 kB
node_modules/.cache/nuxt/.nuxt/dist/client/_nuxt/collabe.BLj0bUp5.png                          155.67 kB
node_modules/.cache/nuxt/.nuxt/dist/client/_nuxt/Manrope-VariableFont_wght.CZfUxJDf.ttf        164.93 kB
node_modules/.cache/nuxt/.nuxt/dist/client/_nuxt/editor.worker-CCnWp-qZ.js                     259.55 kB
node_modules/.cache/nuxt/.nuxt/dist/client/_nuxt/calendar.XdsCSkJk.png                         263.51 kB
node_modules/.cache/nuxt/.nuxt/dist/client/manifest.json                                       266.51 kB │ gzip:  33.46 kB
node_modules/.cache/nuxt/.nuxt/dist/client/_nuxt/material.BDIcoZei.woff2                       282.84 kB
node_modules/.cache/nuxt/.nuxt/dist/client/_nuxt/kanban.C7eL09OH.png                           285.95 kB
node_modules/.cache/nuxt/.nuxt/dist/client/_nuxt/recent-exports-modal.DYxZXmPm.png             356.62 kB
node_modules/.cache/nuxt/.nuxt/dist/client/_nuxt/calendar-with-sidebar.CIBYSVXe.png            359.69 kB
node_modules/.cache/nuxt/.nuxt/dist/client/_nuxt/json.worker-CKZCMDFS.js                       389.34 kB
node_modules/.cache/nuxt/.nuxt/dist/client/_nuxt/kanban-with-sidebar.PWIUmED8.png              392.85 kB
node_modules/.cache/nuxt/.nuxt/dist/client/_nuxt/grid-with-sidebar.DoEv6vuo.png                531.31 kB
node_modules/.cache/nuxt/.nuxt/dist/client/_nuxt/grid.DUgR9AKo.png                             617.07 kB
node_modules/.cache/nuxt/.nuxt/dist/client/_nuxt/InterVariable.DEKF4JyX.ttf                    879.70 kB
node_modules/.cache/nuxt/.nuxt/dist/client/_nuxt/importWorker-L9PodJJ_.js                    1,055.99 kB
node_modules/.cache/nuxt/.nuxt/dist/client/_nuxt/gallery.Cd9ckno3.png                        1,257.37 kB
node_modules/.cache/nuxt/.nuxt/dist/client/_nuxt/gallery-with-sidebar.Dy39g28J.png           1,288.22 kB
node_modules/.cache/nuxt/.nuxt/dist/client/_nuxt/ts.worker-Bw3W0YjY.js                       5,910.50 kB
node_modules/.cache/nuxt/.nuxt/dist/client/_nuxt/ConvertLinkV2.wfzSdlT1.css                      0.04 kB │ gzip:   0.06 kB
node_modules/.cache/nuxt/.nuxt/dist/client/_nuxt/Camera.DPmrVsrk.css                             0.04 kB │ gzip:   0.06 kB
node_modules/.cache/nuxt/.nuxt/dist/client/_nuxt/diff.BQZwybQo.css                               0.05 kB │ gzip:   0.07 kB
node_modules/.cache/nuxt/.nuxt/dist/client/_nuxt/Grid.CmvnBZb0.css                               0.05 kB │ gzip:   0.07 kB
node_modules/.cache/nuxt/.nuxt/dist/client/_nuxt/_erdUuid_.C5mV3Lhn.css                          0.05 kB │ gzip:   0.07 kB
node_modules/.cache/nuxt/.nuxt/dist/client/_nuxt/DeleteModal.CB1oWLel.css                        0.05 kB │ gzip:   0.07 kB
node_modules/.cache/nuxt/.nuxt/dist/client/_nuxt/Empty.DVjE8oZy.css                              0.06 kB │ gzip:   0.08 kB
node_modules/.cache/nuxt/.nuxt/dist/client/_nuxt/LayoutList.gq4LqNwD.css                         0.06 kB │ gzip:   0.08 kB
node_modules/.cache/nuxt/.nuxt/dist/client/_nuxt/AskPassword.CwWSY0-w.css                        0.07 kB │ gzip:   0.09 kB
node_modules/.cache/nuxt/.nuxt/dist/client/_nuxt/VirtualCell.0pl_yoKo.css                        0.07 kB │ gzip:   0.08 kB
node_modules/.cache/nuxt/.nuxt/dist/client/_nuxt/json-exporter.gw2Vwkj_.css                      0.07 kB │ gzip:   0.09 kB
node_modules/.cache/nuxt/.nuxt/dist/client/_nuxt/DateTimeSpanningContainer.WrS_WU9o.css          0.07 kB │ gzip:   0.07 kB
node_modules/.cache/nuxt/.nuxt/dist/client/_nuxt/View.7DYnVqoe.css                               0.08 kB │ gzip:   0.09 kB
node_modules/.cache/nuxt/.nuxt/dist/client/_nuxt/Details.C5mWr9Em.css                            0.09 kB │ gzip:   0.10 kB
node_modules/.cache/nuxt/.nuxt/dist/client/_nuxt/InviteDlg.ClcE-5v5.css                          0.09 kB │ gzip:   0.09 kB
node_modules/.cache/nuxt/.nuxt/dist/client/_nuxt/Cell.Cb5YKIOL.css                               0.09 kB │ gzip:   0.10 kB
node_modules/.cache/nuxt/.nuxt/dist/client/_nuxt/Readonly.CPomzhNr.css                           0.09 kB │ gzip:   0.09 kB
node_modules/.cache/nuxt/.nuxt/dist/client/_nuxt/Badge.DciZmZHy.css                              0.09 kB │ gzip:   0.09 kB
node_modules/.cache/nuxt/.nuxt/dist/client/_nuxt/UserList.CAu4dFpx.css                           0.10 kB │ gzip:   0.09 kB
node_modules/.cache/nuxt/.nuxt/dist/client/_nuxt/Header.q5P2FpHa.css                             0.14 kB │ gzip:   0.13 kB
node_modules/.cache/nuxt/.nuxt/dist/client/_nuxt/Modal.BGebVfw4.css                              0.15 kB │ gzip:   0.11 kB
node_modules/.cache/nuxt/.nuxt/dist/client/_nuxt/LockView.CqqmTPb1.css                           0.15 kB │ gzip:   0.13 kB
node_modules/.cache/nuxt/.nuxt/dist/client/_nuxt/Local.DQgnQgsr.css                              0.16 kB │ gzip:   0.13 kB
node_modules/.cache/nuxt/.nuxt/dist/client/_nuxt/Overlay.CpKx7Pnx.css                            0.16 kB │ gzip:   0.10 kB
node_modules/.cache/nuxt/.nuxt/dist/client/_nuxt/calendar.CgAuuIBS.css                           0.17 kB │ gzip:   0.10 kB
node_modules/.cache/nuxt/.nuxt/dist/client/_nuxt/History.Bkylq2hX.css                            0.18 kB │ gzip:   0.15 kB
node_modules/.cache/nuxt/.nuxt/dist/client/_nuxt/LockType.Clp53foz.css                           0.18 kB │ gzip:   0.14 kB
node_modules/.cache/nuxt/.nuxt/dist/client/_nuxt/org.telwkpQp.css                                0.19 kB │ gzip:   0.16 kB
node_modules/.cache/nuxt/.nuxt/dist/client/_nuxt/YearView.BAK2-zg3.css                           0.20 kB │ gzip:   0.16 kB
node_modules/.cache/nuxt/.nuxt/dist/client/_nuxt/FieldListAutoCompleteDropdown.BIFfUGPC.css      0.21 kB │ gzip:   0.14 kB
node_modules/.cache/nuxt/.nuxt/dist/client/_nuxt/WorkspaceIcon.CvZ3uSHC.css                      0.21 kB │ gzip:   0.17 kB
node_modules/.cache/nuxt/.nuxt/dist/client/_nuxt/Header.v3LFyA7w.css                             0.23 kB │ gzip:   0.16 kB
node_modules/.cache/nuxt/.nuxt/dist/client/_nuxt/Editor.Bq-KG4Xs.css                             0.24 kB │ gzip:   0.15 kB
node_modules/.cache/nuxt/.nuxt/dist/client/_nuxt/ProgressPanel.tSagjPcL.css                      0.27 kB │ gzip:   0.20 kB
node_modules/.cache/nuxt/.nuxt/dist/client/_nuxt/Card.D978kpqx.css                               0.27 kB │ gzip:   0.14 kB
node_modules/.cache/nuxt/.nuxt/dist/client/_nuxt/BaseIconColorPicker.OcLImWZg.css                0.28 kB │ gzip:   0.18 kB
node_modules/.cache/nuxt/.nuxt/dist/client/_nuxt/ProjectIcon.BjD7tyla.css                        0.29 kB │ gzip:   0.19 kB
node_modules/.cache/nuxt/.nuxt/dist/client/_nuxt/SideMenu.BHsGS6vG.css                           0.30 kB │ gzip:   0.18 kB
node_modules/.cache/nuxt/.nuxt/dist/client/_nuxt/PlainCell.BEq88Q77.css                          0.30 kB │ gzip:   0.17 kB
node_modules/.cache/nuxt/.nuxt/dist/client/_nuxt/Menu.QNU20yc4.css                               0.30 kB │ gzip:   0.22 kB
node_modules/.cache/nuxt/.nuxt/dist/client/_nuxt/UserInfoMenu.BWZ1-ImI.css                       0.32 kB │ gzip:   0.19 kB
node_modules/.cache/nuxt/.nuxt/dist/client/_nuxt/SupportedDocs.HjFB5xuq.css                      0.33 kB │ gzip:   0.21 kB
node_modules/.cache/nuxt/.nuxt/dist/client/_nuxt/Menu.CHoJ4Hgf.css                               0.33 kB │ gzip:   0.20 kB
node_modules/.cache/nuxt/.nuxt/dist/client/_nuxt/ColumnMenu.DipE_MUq.css                         0.33 kB │ gzip:   0.20 kB
node_modules/.cache/nuxt/.nuxt/dist/client/_nuxt/forgot-password.DB_QQ1ZL.css                    0.35 kB │ gzip:   0.18 kB
node_modules/.cache/nuxt/.nuxt/dist/client/_nuxt/_token_.CujDeCEp.css                            0.40 kB │ gzip:   0.20 kB
node_modules/.cache/nuxt/.nuxt/dist/client/_nuxt/signin.BfZmkCJX.css                             0.40 kB │ gzip:   0.20 kB
node_modules/.cache/nuxt/.nuxt/dist/client/_nuxt/Delete.Cw30yDgc.css                             0.41 kB │ gzip:   0.21 kB
node_modules/.cache/nuxt/.nuxt/dist/client/_nuxt/Modal.DUPxeGSc.css                              0.44 kB │ gzip:   0.24 kB
node_modules/.cache/nuxt/.nuxt/dist/client/_nuxt/Config.DFm4ywnH.css                             0.44 kB │ gzip:   0.25 kB
node_modules/.cache/nuxt/.nuxt/dist/client/_nuxt/PaginationV2.D-zFP1kF.css                       0.44 kB │ gzip:   0.21 kB
node_modules/.cache/nuxt/.nuxt/dist/client/_nuxt/Header.cxc61J79.css                             0.44 kB │ gzip:   0.18 kB
node_modules/.cache/nuxt/.nuxt/dist/client/_nuxt/sort.BwWU0M71.css                               0.45 kB │ gzip:   0.24 kB
node_modules/.cache/nuxt/.nuxt/dist/client/_nuxt/DateField.DNzriHY7.css                          0.46 kB │ gzip:   0.23 kB
node_modules/.cache/nuxt/.nuxt/dist/client/_nuxt/field-settings.CY0YXFBG.css                     0.47 kB │ gzip:   0.26 kB
node_modules/.cache/nuxt/.nuxt/dist/client/_nuxt/Pagination.DI4K9Zwl.css                         0.48 kB │ gzip:   0.23 kB
node_modules/.cache/nuxt/.nuxt/dist/client/_nuxt/ItemLabel.BYMHaY3e.css                          0.49 kB │ gzip:   0.27 kB
node_modules/.cache/nuxt/.nuxt/dist/client/_nuxt/RichTextOptions.CpP162Ml.css                    0.53 kB │ gzip:   0.25 kB
node_modules/.cache/nuxt/.nuxt/dist/client/_nuxt/RecordFieldsTooltip.zURtDfu2.css                0.53 kB │ gzip:   0.25 kB
node_modules/.cache/nuxt/.nuxt/dist/client/_nuxt/DateTimeField.2-cBV346.css                      0.54 kB │ gzip:   0.28 kB
node_modules/.cache/nuxt/.nuxt/dist/client/_nuxt/PageHeader.DfrdpNXt.css                         0.55 kB │ gzip:   0.25 kB
node_modules/.cache/nuxt/.nuxt/dist/client/_nuxt/KeyboardShortcuts.DgT-7d2R.css                  0.57 kB │ gzip:   0.29 kB
node_modules/.cache/nuxt/.nuxt/dist/client/_nuxt/UnLinkedItems.Cpl-iUvb.css                      0.58 kB │ gzip:   0.24 kB
node_modules/.cache/nuxt/.nuxt/dist/client/_nuxt/DateTimeField.D5DpRKbr.css                      0.60 kB │ gzip:   0.27 kB
node_modules/.cache/nuxt/.nuxt/dist/client/_nuxt/ChromeWrapper.MtUzoI_R.css                      0.62 kB │ gzip:   0.26 kB
node_modules/.cache/nuxt/.nuxt/dist/client/_nuxt/Readonly.DuKNLNjB.css                           0.62 kB │ gzip:   0.31 kB
node_modules/.cache/nuxt/.nuxt/dist/client/_nuxt/_typeOrId_.DdyJRlrU.css                         0.62 kB │ gzip:   0.31 kB
node_modules/.cache/nuxt/.nuxt/dist/client/_nuxt/CustomUrl.28nV3azc.css                          0.63 kB │ gzip:   0.29 kB
node_modules/.cache/nuxt/.nuxt/dist/client/_nuxt/MonthView.gZ0-VH6D.css                          0.64 kB │ gzip:   0.35 kB
node_modules/.cache/nuxt/.nuxt/dist/client/_nuxt/shared-view.DwKD1wgP.css                        0.65 kB │ gzip:   0.26 kB
node_modules/.cache/nuxt/.nuxt/dist/client/_nuxt/Time.BF9r6qmi.css                               0.66 kB │ gzip:   0.26 kB
node_modules/.cache/nuxt/.nuxt/dist/client/_nuxt/DateWeekSelector.6UEhIlUq.css                   0.68 kB │ gzip:   0.31 kB
node_modules/.cache/nuxt/.nuxt/dist/client/_nuxt/LinkedItems.Dxj_pn4j.css                        0.72 kB │ gzip:   0.28 kB
node_modules/.cache/nuxt/.nuxt/dist/client/_nuxt/RichLongTextDefaultValue.D9KVevlJ.css           0.74 kB │ gzip:   0.26 kB
node_modules/.cache/nuxt/.nuxt/dist/client/_nuxt/_viewId_.tVUIQp40.css                           0.76 kB │ gzip:   0.28 kB
node_modules/.cache/nuxt/.nuxt/dist/client/_nuxt/topbar.B_au0G5Z.css                             0.78 kB │ gzip:   0.34 kB
node_modules/.cache/nuxt/.nuxt/dist/client/_nuxt/AirtableImport.ZSg-Vufk.css                     0.79 kB │ gzip:   0.30 kB
node_modules/.cache/nuxt/.nuxt/dist/client/_nuxt/Flow.BI_z0lgo.css                               0.83 kB │ gzip:   0.31 kB
node_modules/.cache/nuxt/.nuxt/dist/client/_nuxt/Theme.ByGBKzjo.css                              0.88 kB │ gzip:   0.35 kB
node_modules/.cache/nuxt/.nuxt/dist/client/_nuxt/Editor.D7RcPUvl.css                             0.89 kB │ gzip:   0.32 kB
node_modules/.cache/nuxt/.nuxt/dist/client/_nuxt/Readonly.De0uRkxr.css                           0.89 kB │ gzip:   0.37 kB
node_modules/.cache/nuxt/.nuxt/dist/client/_nuxt/_baseId_.hBgIY4EY.css                           0.92 kB │ gzip:   0.37 kB
node_modules/.cache/nuxt/.nuxt/dist/client/_nuxt/AddLookupsOrRollups.CCWwjkjz.css                0.96 kB │ gzip:   0.31 kB
node_modules/.cache/nuxt/.nuxt/dist/client/_nuxt/ViewActionMenu.DghbXFLm.css                     0.97 kB │ gzip:   0.41 kB
node_modules/.cache/nuxt/.nuxt/dist/client/_nuxt/List.SxjQg0GK.css                               0.97 kB │ gzip:   0.43 kB
node_modules/.cache/nuxt/.nuxt/dist/client/_nuxt/SideRecordCard.se7dSuYj.css                     0.99 kB │ gzip:   0.31 kB
node_modules/.cache/nuxt/.nuxt/dist/client/_nuxt/FormulaWrapperCell.cFqGN7B1.css                 0.99 kB │ gzip:   0.34 kB
node_modules/.cache/nuxt/.nuxt/dist/client/_nuxt/ColorPicker.CV6hrPM8.css                        1.00 kB │ gzip:   0.46 kB
node_modules/.cache/nuxt/.nuxt/dist/client/_nuxt/LinkRecordSimpleList.tBt27oVo.css               1.01 kB │ gzip:   0.29 kB
node_modules/.cache/nuxt/.nuxt/dist/client/_nuxt/Url.Qu77couQ.css                                1.02 kB │ gzip:   0.33 kB
node_modules/.cache/nuxt/.nuxt/dist/client/_nuxt/FilterInput.B48lWoPk.css                        1.11 kB │ gzip:   0.41 kB
node_modules/.cache/nuxt/.nuxt/dist/client/_nuxt/LinkRecordDropdown._-QOkJ6f.css                 1.22 kB │ gzip:   0.46 kB
node_modules/.cache/nuxt/.nuxt/dist/client/_nuxt/Editor.CzJGIJL1.css                             1.28 kB │ gzip:   0.47 kB
node_modules/.cache/nuxt/.nuxt/dist/client/_nuxt/Readonly.hxpG6YgT.css                           1.29 kB │ gzip:   0.43 kB
node_modules/.cache/nuxt/.nuxt/dist/client/_nuxt/SelectOptions.CE22mc2x.css                      1.38 kB │ gzip:   0.46 kB
node_modules/.cache/nuxt/.nuxt/dist/client/_nuxt/ModalConfirm.BvHlj1Od.css                       1.46 kB │ gzip:   0.38 kB
node_modules/.cache/nuxt/.nuxt/dist/client/_nuxt/LookupSort.CPadjLiI.css                         1.46 kB │ gzip:   0.37 kB
node_modules/.cache/nuxt/.nuxt/dist/client/_nuxt/SortList.elwcJhMl.css                           1.46 kB │ gzip:   0.37 kB
node_modules/.cache/nuxt/.nuxt/dist/client/_nuxt/survey.DQq-aLHX.css                             1.46 kB │ gzip:   0.54 kB
node_modules/.cache/nuxt/.nuxt/dist/client/_nuxt/_nestedPage_.Bj32krg5.css                       1.49 kB │ gzip:   0.46 kB
node_modules/.cache/nuxt/.nuxt/dist/client/_nuxt/Item.CjuqX9_y.css                               1.55 kB │ gzip:   0.43 kB
node_modules/.cache/nuxt/.nuxt/dist/client/_nuxt/Params.c3sRqixG.css                             1.64 kB │ gzip:   0.45 kB
node_modules/.cache/nuxt/.nuxt/dist/client/_nuxt/attachment.Cgdo93hM.css                         1.64 kB │ gzip:   0.50 kB
node_modules/.cache/nuxt/.nuxt/dist/client/_nuxt/DivDataCell.D8NVynOE.css                        1.67 kB │ gzip:   0.34 kB
node_modules/.cache/nuxt/.nuxt/dist/client/_nuxt/Editor.2SQdRP8n.css                             1.70 kB │ gzip:   0.56 kB
node_modules/.cache/nuxt/.nuxt/dist/client/_nuxt/LinkOrImageOptions.M2QSMCGB.css                 1.70 kB │ gzip:   0.35 kB
node_modules/.cache/nuxt/.nuxt/dist/client/_nuxt/Pagination.Di8mi9H4.css                         1.70 kB │ gzip:   0.46 kB
node_modules/.cache/nuxt/.nuxt/dist/client/_nuxt/PaginationV2.Dv-yMut7.css                       1.72 kB │ gzip:   0.47 kB
node_modules/.cache/nuxt/.nuxt/dist/client/_nuxt/Image.CYpYGpbb.css                              1.78 kB │ gzip:   0.52 kB
node_modules/.cache/nuxt/.nuxt/dist/client/_nuxt/Mcp.CaRRtMsx.css                                1.79 kB │ gzip:   0.53 kB
node_modules/.cache/nuxt/.nuxt/dist/client/_nuxt/SelectorV2.CI_QctTu.css                         1.79 kB │ gzip:   0.57 kB
node_modules/.cache/nuxt/.nuxt/dist/client/_nuxt/ColorPanel.CKXnO-C6.css                         1.92 kB │ gzip:   0.65 kB
node_modules/.cache/nuxt/.nuxt/dist/client/_nuxt/SortListMenu.D1facFUG.css                       1.92 kB │ gzip:   0.50 kB
node_modules/.cache/nuxt/.nuxt/dist/client/_nuxt/AutoSizeTextarea.B16UPPPz.css                   1.93 kB │ gzip:   0.45 kB
node_modules/.cache/nuxt/.nuxt/dist/client/_nuxt/Menu.BVhlLNs-.css                               1.97 kB │ gzip:   0.44 kB
node_modules/.cache/nuxt/.nuxt/dist/client/_nuxt/index.BRvTLnTL.css                              2.04 kB │ gzip:   0.83 kB
node_modules/.cache/nuxt/.nuxt/dist/client/_nuxt/Switch.Cx_HXmIv.css                             2.04 kB │ gzip:   0.36 kB
node_modules/.cache/nuxt/.nuxt/dist/client/_nuxt/AdvanceColorPicker.BKOLDO-E.css                 2.12 kB │ gzip:   0.71 kB
node_modules/.cache/nuxt/.nuxt/dist/client/_nuxt/EditLink.D0yWYmGC.css                           2.28 kB │ gzip:   0.70 kB
node_modules/.cache/nuxt/.nuxt/dist/client/_nuxt/Api.DdXU-1_0.css                                2.53 kB │ gzip:   0.67 kB
node_modules/.cache/nuxt/.nuxt/dist/client/_nuxt/ViewInfo.jr3KKUQ1.css                           2.56 kB │ gzip:   0.56 kB
node_modules/.cache/nuxt/.nuxt/dist/client/_nuxt/_page_.DkY4884A.css                             2.57 kB │ gzip:   0.83 kB
node_modules/.cache/nuxt/.nuxt/dist/client/_nuxt/VRecordCard.CwZbrb0Y.css                        2.62 kB │ gzip:   0.64 kB
node_modules/.cache/nuxt/.nuxt/dist/client/_nuxt/data-exporter.CWJyB3cr.css                      2.66 kB │ gzip:   0.60 kB
node_modules/.cache/nuxt/.nuxt/dist/client/_nuxt/DraftRestoredBanner.BpakEKoS.css                2.73 kB │ gzip:   0.78 kB
node_modules/.cache/nuxt/.nuxt/dist/client/_nuxt/index.NwXExJYr.css                              2.77 kB │ gzip:   0.70 kB
node_modules/.cache/nuxt/.nuxt/dist/client/_nuxt/splitpanes.Cszhx3J4.css                         2.91 kB │ gzip:   0.59 kB
node_modules/.cache/nuxt/.nuxt/dist/client/_nuxt/Comments.R6nQfPGr.css                           3.11 kB │ gzip:   0.82 kB
node_modules/.cache/nuxt/.nuxt/dist/client/_nuxt/Fields.BSDcpUN2.css                             3.13 kB │ gzip:   0.77 kB
node_modules/.cache/nuxt/.nuxt/dist/client/_nuxt/base.CGLvqlu1.css                               3.17 kB │ gzip:   0.75 kB
node_modules/.cache/nuxt/.nuxt/dist/client/_nuxt/RecordCard.DWTo6Lk7.css                         3.20 kB │ gzip:   0.80 kB
node_modules/.cache/nuxt/.nuxt/dist/client/_nuxt/new.BGa8amlX.css                                3.34 kB │ gzip:   0.79 kB
node_modules/.cache/nuxt/.nuxt/dist/client/_nuxt/ThemeConfig.mwf0liZK.css                        3.38 kB │ gzip:   0.80 kB
node_modules/.cache/nuxt/.nuxt/dist/client/_nuxt/account.DawpbQ1h.css                            3.42 kB │ gzip:   0.63 kB
node_modules/.cache/nuxt/.nuxt/dist/client/_nuxt/Headers.B3sNLl4T.css                            3.45 kB │ gzip:   0.60 kB
node_modules/.cache/nuxt/.nuxt/dist/client/_nuxt/feed.eXsSMDk6.css                               3.53 kB │ gzip:   0.82 kB
node_modules/.cache/nuxt/.nuxt/dist/client/_nuxt/BasesSection.CvNcUEdr.css                       3.59 kB │ gzip:   0.81 kB
node_modules/.cache/nuxt/.nuxt/dist/client/_nuxt/Table.CVotrtYK.css                              3.86 kB │ gzip:   0.71 kB
node_modules/.cache/nuxt/.nuxt/dist/client/_nuxt/SaveBar.BHzzWldG.css                            3.88 kB │ gzip:   0.97 kB
node_modules/.cache/nuxt/.nuxt/dist/client/_nuxt/index.Dkta5YC_.css                              3.91 kB │ gzip:   0.94 kB
node_modules/.cache/nuxt/.nuxt/dist/client/_nuxt/index.S2Jb6rnn.css                              4.03 kB │ gzip:   0.76 kB
node_modules/.cache/nuxt/.nuxt/dist/client/_nuxt/LayoutList.h0QwFJ0p.css                         4.14 kB │ gzip:   0.90 kB
node_modules/.cache/nuxt/.nuxt/dist/client/_nuxt/EmojiPicker.D8I7ng-A.css                        4.27 kB │ gzip:   0.91 kB
node_modules/.cache/nuxt/.nuxt/dist/client/_nuxt/TextArea.B1IO4aMn.css                           4.34 kB │ gzip:   0.97 kB
node_modules/.cache/nuxt/.nuxt/dist/client/_nuxt/admin.DPT3n8gW.css                              4.78 kB │ gzip:   0.81 kB
node_modules/.cache/nuxt/.nuxt/dist/client/_nuxt/View.FD_Qk7SD.css                               4.99 kB │ gzip:   1.11 kB
node_modules/.cache/nuxt/.nuxt/dist/client/_nuxt/Alert.CAuhZMnZ.css                              5.48 kB │ gzip:   0.98 kB
node_modules/.cache/nuxt/.nuxt/dist/client/_nuxt/ColumnFilter.TuxaywBQ.css                       5.49 kB │ gzip:   1.09 kB
node_modules/.cache/nuxt/.nuxt/dist/client/_nuxt/ListItem.hmbj8w7y.css                           5.56 kB │ gzip:   0.92 kB
node_modules/.cache/nuxt/.nuxt/dist/client/_nuxt/Host.C6oDXYBf.css                               5.60 kB │ gzip:   1.44 kB
node_modules/.cache/nuxt/.nuxt/dist/client/_nuxt/SubMenu.vakmkds4.css                            5.97 kB │ gzip:   0.91 kB
node_modules/.cache/nuxt/.nuxt/dist/client/_nuxt/_page_.Bq17O3Ij.css                             5.98 kB │ gzip:   1.20 kB
node_modules/.cache/nuxt/.nuxt/dist/client/_nuxt/Webhooks.DOXAp8Eu.css                           6.67 kB │ gzip:   1.47 kB
node_modules/.cache/nuxt/.nuxt/dist/client/_nuxt/ImageCropper.CFBYnpAf.css                       7.08 kB │ gzip:   1.28 kB
node_modules/.cache/nuxt/.nuxt/dist/client/_nuxt/Dropdown.Dt8ALZ2Z.css                           7.55 kB │ gzip:   1.89 kB
node_modules/.cache/nuxt/.nuxt/dist/client/_nuxt/QuickImport.BE03Rlq_.css                        8.59 kB │ gzip:   1.63 kB
node_modules/.cache/nuxt/.nuxt/dist/client/_nuxt/RichText.Be90RCVt.css                           8.97 kB │ gzip:   2.07 kB
node_modules/.cache/nuxt/.nuxt/dist/client/_nuxt/EditBase.DX2U-DiY.css                           9.75 kB │ gzip:   1.15 kB
node_modules/.cache/nuxt/.nuxt/dist/client/_nuxt/Pane.B7S4tjo5.css                               9.80 kB │ gzip:   1.83 kB
node_modules/.cache/nuxt/.nuxt/dist/client/_nuxt/VirtualCell.D_Vc_PKC.css                        9.87 kB │ gzip:   1.92 kB
node_modules/.cache/nuxt/.nuxt/dist/client/_nuxt/CreateBase.OOBOFype.css                         9.99 kB │ gzip:   1.22 kB
node_modules/.cache/nuxt/.nuxt/dist/client/_nuxt/_viewId_.DuBVScEZ.css                          10.62 kB │ gzip:   1.20 kB
node_modules/.cache/nuxt/.nuxt/dist/client/_nuxt/Toolbar.DgJI0UOZ.css                           10.85 kB │ gzip:   1.93 kB
node_modules/.cache/nuxt/.nuxt/dist/client/_nuxt/KanbanOptimized.xNoGfbmO.css                   11.50 kB │ gzip:   2.00 kB
node_modules/.cache/nuxt/.nuxt/dist/client/_nuxt/SettingsShell.ClpjW7a-.css                     13.54 kB │ gzip:   2.19 kB
node_modules/.cache/nuxt/.nuxt/dist/client/_nuxt/View.wYizy0Zf.css                              13.54 kB │ gzip:   2.60 kB
node_modules/.cache/nuxt/.nuxt/dist/client/_nuxt/pages.C4feX8CR.css                             18.10 kB │ gzip:   3.34 kB
node_modules/.cache/nuxt/.nuxt/dist/client/_nuxt/webhook.C7cNAuKw.css                           18.24 kB │ gzip:   2.87 kB
node_modules/.cache/nuxt/.nuxt/dist/client/_nuxt/Gallery.FK3-fqMQ.css                           21.89 kB │ gzip:   2.57 kB
node_modules/.cache/nuxt/.nuxt/dist/client/_nuxt/_viewTitle_.DJA3IUWY.css                       24.04 kB │ gzip:   4.01 kB
node_modules/.cache/nuxt/.nuxt/dist/client/_nuxt/useGlobal.CtXZv3oX.css                         27.91 kB │ gzip:   3.89 kB
node_modules/.cache/nuxt/.nuxt/dist/client/_nuxt/expanded-form.B2lpJV7e.css                     27.98 kB │ gzip:   3.77 kB
node_modules/.cache/nuxt/.nuxt/dist/client/_nuxt/Cell.CDwOKh2J.css                              29.19 kB │ gzip:   9.07 kB
node_modules/.cache/nuxt/.nuxt/dist/client/_nuxt/Carousel.AO9SV_-q.css                          33.56 kB │ gzip:   5.44 kB
node_modules/.cache/nuxt/.nuxt/dist/client/_nuxt/EditOrAddProvider.D03rCcnz.css                 38.21 kB │ gzip:   5.34 kB
node_modules/.cache/nuxt/.nuxt/dist/client/_nuxt/grid.Db1N1cP_.css                              62.11 kB │ gzip:   5.69 kB
node_modules/.cache/nuxt/.nuxt/dist/client/_nuxt/editor.dAxDxMcI.css                            63.27 kB │ gzip:  10.20 kB
node_modules/.cache/nuxt/.nuxt/dist/client/_nuxt/editor.DRNbYCgK.css                            68.10 kB │ gzip:  10.98 kB
node_modules/.cache/nuxt/.nuxt/dist/client/_nuxt/form-builder.CbrJ3YBi.css                      80.03 kB │ gzip:   7.70 kB
node_modules/.cache/nuxt/.nuxt/dist/client/_nuxt/entry.pnzNpjf3.css                            929.16 kB │ gzip: 120.23 kB
node_modules/.cache/nuxt/.nuxt/dist/client/_nuxt/gUH4yejJ.js                                     0.06 kB │ gzip:   0.08 kB
node_modules/.cache/nuxt/.nuxt/dist/client/_nuxt/CbLlybma.js                                     0.06 kB │ gzip:   0.08 kB
node_modules/.cache/nuxt/.nuxt/dist/client/_nuxt/DhiO3BI12.js                                    0.07 kB │ gzip:   0.07 kB
node_modules/.cache/nuxt/.nuxt/dist/client/_nuxt/C7VhMpSr.js                                     0.07 kB │ gzip:   0.09 kB
node_modules/.cache/nuxt/.nuxt/dist/client/_nuxt/BDNMzG2s.js                                     0.08 kB │ gzip:   0.09 kB
node_modules/.cache/nuxt/.nuxt/dist/client/_nuxt/CECDa-Ow2.js                                    0.09 kB │ gzip:   0.09 kB
node_modules/.cache/nuxt/.nuxt/dist/client/_nuxt/Cwl47qiR.js                                     0.09 kB │ gzip:   0.11 kB
node_modules/.cache/nuxt/.nuxt/dist/client/_nuxt/uzzB-KPC2.js                                    0.10 kB │ gzip:   0.11 kB
node_modules/.cache/nuxt/.nuxt/dist/client/_nuxt/BPubPo4n.js                                     0.10 kB │ gzip:   0.11 kB
node_modules/.cache/nuxt/.nuxt/dist/client/_nuxt/DCXk04x12.js                                    0.10 kB │ gzip:   0.11 kB
node_modules/.cache/nuxt/.nuxt/dist/client/_nuxt/BXqDJ7nw2.js                                    0.10 kB │ gzip:   0.12 kB
node_modules/.cache/nuxt/.nuxt/dist/client/_nuxt/0W2-noVz2.js                                    0.11 kB │ gzip:   0.12 kB
node_modules/.cache/nuxt/.nuxt/dist/client/_nuxt/BGyhtMAx2.js                                    0.11 kB │ gzip:   0.12 kB
node_modules/.cache/nuxt/.nuxt/dist/client/_nuxt/D8K0AuGR2.js                                    0.11 kB │ gzip:   0.12 kB
node_modules/.cache/nuxt/.nuxt/dist/client/_nuxt/BB_H79xE.js                                     0.11 kB │ gzip:   0.12 kB
node_modules/.cache/nuxt/.nuxt/dist/client/_nuxt/4iRfChN42.js                                    0.11 kB │ gzip:   0.12 kB
node_modules/.cache/nuxt/.nuxt/dist/client/_nuxt/CHt6LLXz2.js                                    0.11 kB │ gzip:   0.12 kB
node_modules/.cache/nuxt/.nuxt/dist/client/_nuxt/7eAv7LzY.js                                     0.12 kB │ gzip:   0.12 kB
node_modules/.cache/nuxt/.nuxt/dist/client/_nuxt/lgQLGvf2.js                                     0.13 kB │ gzip:   0.14 kB
node_modules/.cache/nuxt/.nuxt/dist/client/_nuxt/B2K9Vhy-2.js                                    0.14 kB │ gzip:   0.14 kB
node_modules/.cache/nuxt/.nuxt/dist/client/_nuxt/BYcZu_Ql.js                                     0.15 kB │ gzip:   0.14 kB
node_modules/.cache/nuxt/.nuxt/dist/client/_nuxt/Bj0YZOCS2.js                                    0.15 kB │ gzip:   0.13 kB
node_modules/.cache/nuxt/.nuxt/dist/client/_nuxt/DCzGy9-1.js                                     0.15 kB │ gzip:   0.14 kB
node_modules/.cache/nuxt/.nuxt/dist/client/_nuxt/CSDDjRc2.js                                     0.18 kB │ gzip:   0.16 kB
node_modules/.cache/nuxt/.nuxt/dist/client/_nuxt/CSDDjRc22.js                                    0.18 kB │ gzip:   0.16 kB
node_modules/.cache/nuxt/.nuxt/dist/client/_nuxt/Daall_bt.js                                     0.20 kB │ gzip:   0.17 kB
node_modules/.cache/nuxt/.nuxt/dist/client/_nuxt/BKCijB6y2.js                                    0.21 kB │ gzip:   0.17 kB
node_modules/.cache/nuxt/.nuxt/dist/client/_nuxt/DB-u9ufr.js                                     0.21 kB │ gzip:   0.19 kB
node_modules/.cache/nuxt/.nuxt/dist/client/_nuxt/Duthirja.js                                     0.22 kB │ gzip:   0.19 kB
node_modules/.cache/nuxt/.nuxt/dist/client/_nuxt/nBVTFqiB.js                                     0.22 kB │ gzip:   0.17 kB
node_modules/.cache/nuxt/.nuxt/dist/client/_nuxt/fN7nurFl2.js                                    0.23 kB │ gzip:   0.17 kB
node_modules/.cache/nuxt/.nuxt/dist/client/_nuxt/CH_1qkiG.js                                     0.23 kB │ gzip:   0.20 kB
node_modules/.cache/nuxt/.nuxt/dist/client/_nuxt/DgoHujU9.js                                     0.23 kB │ gzip:   0.20 kB
node_modules/.cache/nuxt/.nuxt/dist/client/_nuxt/fgxssOHQ2.js                                    0.23 kB │ gzip:   0.19 kB
node_modules/.cache/nuxt/.nuxt/dist/client/_nuxt/DuC1Wtqm.js                                     0.23 kB │ gzip:   0.20 kB
node_modules/.cache/nuxt/.nuxt/dist/client/_nuxt/-2qf_Zhi2.js                                    0.25 kB │ gzip:   0.21 kB
node_modules/.cache/nuxt/.nuxt/dist/client/_nuxt/CPW-OWpS2.js                                    0.25 kB │ gzip:   0.20 kB
node_modules/.cache/nuxt/.nuxt/dist/client/_nuxt/fmI8qJnu.js                                     0.25 kB │ gzip:   0.21 kB
node_modules/.cache/nuxt/.nuxt/dist/client/_nuxt/eOExxdBF2.js                                    0.25 kB │ gzip:   0.21 kB
node_modules/.cache/nuxt/.nuxt/dist/client/_nuxt/BJNapgft.js                                     0.25 kB │ gzip:   0.21 kB
node_modules/.cache/nuxt/.nuxt/dist/client/_nuxt/CqK_snpO.js                                     0.25 kB │ gzip:   0.21 kB
node_modules/.cache/nuxt/.nuxt/dist/client/_nuxt/C93pjLC1.js                                     0.25 kB │ gzip:   0.21 kB
node_modules/.cache/nuxt/.nuxt/dist/client/_nuxt/CnAhrQzr.js                                     0.25 kB │ gzip:   0.21 kB
node_modules/.cache/nuxt/.nuxt/dist/client/_nuxt/C7tocyt3.js                                     0.26 kB │ gzip:   0.21 kB
node_modules/.cache/nuxt/.nuxt/dist/client/_nuxt/t5cdMTH92.js                                    0.26 kB │ gzip:   0.21 kB
node_modules/.cache/nuxt/.nuxt/dist/client/_nuxt/B7KspNyn.js                                     0.26 kB │ gzip:   0.17 kB
node_modules/.cache/nuxt/.nuxt/dist/client/_nuxt/Bd0AzXOm.js                                     0.26 kB │ gzip:   0.22 kB
node_modules/.cache/nuxt/.nuxt/dist/client/_nuxt/BrDnkJSK2.js                                    0.26 kB │ gzip:   0.21 kB
node_modules/.cache/nuxt/.nuxt/dist/client/_nuxt/BjkVPPB4.js                                     0.27 kB │ gzip:   0.22 kB
node_modules/.cache/nuxt/.nuxt/dist/client/_nuxt/CgtFOB3I.js                                     0.27 kB │ gzip:   0.22 kB
node_modules/.cache/nuxt/.nuxt/dist/client/_nuxt/BxY68BTV.js                                     0.27 kB │ gzip:   0.22 kB
node_modules/.cache/nuxt/.nuxt/dist/client/_nuxt/C0ZwZSW3.js                                     0.27 kB │ gzip:   0.22 kB
node_modules/.cache/nuxt/.nuxt/dist/client/_nuxt/BbRL54c0.js                                     0.27 kB │ gzip:   0.22 kB
node_modules/.cache/nuxt/.nuxt/dist/client/_nuxt/CNAUX0fA.js                                     0.27 kB │ gzip:   0.22 kB
node_modules/.cache/nuxt/.nuxt/dist/client/_nuxt/CixMKHi_.js                                     0.28 kB │ gzip:   0.22 kB
node_modules/.cache/nuxt/.nuxt/dist/client/_nuxt/BUg4xqLa2.js                                    0.28 kB │ gzip:   0.22 kB
node_modules/.cache/nuxt/.nuxt/dist/client/_nuxt/CLRi1Cxf.js                                     0.29 kB │ gzip:   0.21 kB
node_modules/.cache/nuxt/.nuxt/dist/client/_nuxt/CQCOw41x.js                                     0.30 kB │ gzip:   0.23 kB
node_modules/.cache/nuxt/.nuxt/dist/client/_nuxt/qleZy1x6.js                                     0.30 kB │ gzip:   0.22 kB
node_modules/.cache/nuxt/.nuxt/dist/client/_nuxt/De_611_I2.js                                    0.30 kB │ gzip:   0.23 kB
node_modules/.cache/nuxt/.nuxt/dist/client/_nuxt/CKugv1i72.js                                    0.32 kB │ gzip:   0.25 kB
node_modules/.cache/nuxt/.nuxt/dist/client/_nuxt/eTct-OWz.js                                     0.32 kB │ gzip:   0.25 kB
node_modules/.cache/nuxt/.nuxt/dist/client/_nuxt/CNLkUjTf.js                                     0.32 kB │ gzip:   0.27 kB
node_modules/.cache/nuxt/.nuxt/dist/client/_nuxt/Dy-OubkC.js                                     0.33 kB │ gzip:   0.25 kB
node_modules/.cache/nuxt/.nuxt/dist/client/_nuxt/CbnlEsSH.js                                     0.33 kB │ gzip:   0.27 kB
node_modules/.cache/nuxt/.nuxt/dist/client/_nuxt/DTeVsf0X.js                                     0.34 kB │ gzip:   0.25 kB
node_modules/.cache/nuxt/.nuxt/dist/client/_nuxt/CGo8HgCw.js                                     0.34 kB │ gzip:   0.25 kB
node_modules/.cache/nuxt/.nuxt/dist/client/_nuxt/CqBREXuo.js                                     0.34 kB │ gzip:   0.25 kB
node_modules/.cache/nuxt/.nuxt/dist/client/_nuxt/BqPwHxN7.js                                     0.34 kB │ gzip:   0.23 kB
node_modules/.cache/nuxt/.nuxt/dist/client/_nuxt/CDRtXPZ22.js                                    0.35 kB │ gzip:   0.28 kB
node_modules/.cache/nuxt/.nuxt/dist/client/_nuxt/CUE534Zp.js                                     0.35 kB │ gzip:   0.25 kB
node_modules/.cache/nuxt/.nuxt/dist/client/_nuxt/BXo17Oc_2.js                                    0.35 kB │ gzip:   0.26 kB
node_modules/.cache/nuxt/.nuxt/dist/client/_nuxt/DI3NMRIS2.js                                    0.36 kB │ gzip:   0.26 kB
node_modules/.cache/nuxt/.nuxt/dist/client/_nuxt/BiLMB-_X.js                                     0.36 kB │ gzip:   0.27 kB
node_modules/.cache/nuxt/.nuxt/dist/client/_nuxt/CwUx4rUr.js                                     0.36 kB │ gzip:   0.26 kB
node_modules/.cache/nuxt/.nuxt/dist/client/_nuxt/C-ZTiwY3.js                                     0.36 kB │ gzip:   0.27 kB
node_modules/.cache/nuxt/.nuxt/dist/client/_nuxt/BzKj4GXJ.js                                     0.37 kB │ gzip:   0.27 kB
node_modules/.cache/nuxt/.nuxt/dist/client/_nuxt/BS8lTxCF.js                                     0.37 kB │ gzip:   0.27 kB
node_modules/.cache/nuxt/.nuxt/dist/client/_nuxt/gHnQe3zv.js                                     0.37 kB │ gzip:   0.28 kB
node_modules/.cache/nuxt/.nuxt/dist/client/_nuxt/CgG3wLJj.js                                     0.38 kB │ gzip:   0.27 kB
node_modules/.cache/nuxt/.nuxt/dist/client/_nuxt/Dc7zNbnq.js                                     0.38 kB │ gzip:   0.25 kB
node_modules/.cache/nuxt/.nuxt/dist/client/_nuxt/COgmHmqj2.js                                    0.38 kB │ gzip:   0.20 kB
node_modules/.cache/nuxt/.nuxt/dist/client/_nuxt/CNOxwO0C.js                                     0.38 kB │ gzip:   0.29 kB
node_modules/.cache/nuxt/.nuxt/dist/client/_nuxt/B2zTgWuy.js                                     0.39 kB │ gzip:   0.29 kB
node_modules/.cache/nuxt/.nuxt/dist/client/_nuxt/uBuz1KqR.js                                     0.40 kB │ gzip:   0.26 kB
node_modules/.cache/nuxt/.nuxt/dist/client/_nuxt/CBf2UvgT.js                                     0.41 kB │ gzip:   0.27 kB
node_modules/.cache/nuxt/.nuxt/dist/client/_nuxt/NRDAEtob2.js                                    0.41 kB │ gzip:   0.29 kB
node_modules/.cache/nuxt/.nuxt/dist/client/_nuxt/B9e-K5aF.js                                     0.41 kB │ gzip:   0.29 kB
node_modules/.cache/nuxt/.nuxt/dist/client/_nuxt/DwRH7jJy.js                                     0.41 kB │ gzip:   0.25 kB
node_modules/.cache/nuxt/.nuxt/dist/client/_nuxt/CT5nN1hQ2.js                                    0.41 kB │ gzip:   0.32 kB
node_modules/.cache/nuxt/.nuxt/dist/client/_nuxt/BIZepa1C2.js                                    0.43 kB │ gzip:   0.30 kB
node_modules/.cache/nuxt/.nuxt/dist/client/_nuxt/hj9m3EIF.js                                     0.43 kB │ gzip:   0.31 kB
node_modules/.cache/nuxt/.nuxt/dist/client/_nuxt/D1F_9Xdq.js                                     0.44 kB │ gzip:   0.31 kB
node_modules/.cache/nuxt/.nuxt/dist/client/_nuxt/BcRzJRN7.js                                     0.45 kB │ gzip:   0.24 kB
node_modules/.cache/nuxt/.nuxt/dist/client/_nuxt/Dfw4ifIH2.js                                    0.46 kB │ gzip:   0.33 kB
node_modules/.cache/nuxt/.nuxt/dist/client/_nuxt/ZzKcWgKR.js                                     0.47 kB │ gzip:   0.34 kB
node_modules/.cache/nuxt/.nuxt/dist/client/_nuxt/zZTNK2gI2.js                                    0.47 kB │ gzip:   0.30 kB
node_modules/.cache/nuxt/.nuxt/dist/client/_nuxt/ZjihwQ-M2.js                                    0.47 kB │ gzip:   0.30 kB
node_modules/.cache/nuxt/.nuxt/dist/client/_nuxt/DT3NhYd2.js                                     0.48 kB │ gzip:   0.33 kB
node_modules/.cache/nuxt/.nuxt/dist/client/_nuxt/BQcxrbka2.js                                    0.49 kB │ gzip:   0.29 kB
node_modules/.cache/nuxt/.nuxt/dist/client/_nuxt/CVic9-XU2.js                                    0.49 kB │ gzip:   0.34 kB
node_modules/.cache/nuxt/.nuxt/dist/client/_nuxt/I1gCztUj.js                                     0.52 kB │ gzip:   0.34 kB
node_modules/.cache/nuxt/.nuxt/dist/client/_nuxt/Dg-7aMJw2.js                                    0.53 kB │ gzip:   0.34 kB
node_modules/.cache/nuxt/.nuxt/dist/client/_nuxt/B5mYO0gI.js                                     0.54 kB │ gzip:   0.37 kB
node_modules/.cache/nuxt/.nuxt/dist/client/_nuxt/Bt5QJK-V.js                                     0.54 kB │ gzip:   0.31 kB
node_modules/.cache/nuxt/.nuxt/dist/client/_nuxt/CMHI-dAR2.js                                    0.54 kB │ gzip:   0.36 kB
node_modules/.cache/nuxt/.nuxt/dist/client/_nuxt/BbCXZynE.js                                     0.54 kB │ gzip:   0.34 kB
node_modules/.cache/nuxt/.nuxt/dist/client/_nuxt/DmLq-GM_.js                                     0.54 kB │ gzip:   0.31 kB
node_modules/.cache/nuxt/.nuxt/dist/client/_nuxt/CHn0hMWp2.js                                    0.55 kB │ gzip:   0.33 kB
node_modules/.cache/nuxt/.nuxt/dist/client/_nuxt/C9fpCgI0.js                                     0.57 kB │ gzip:   0.35 kB
node_modules/.cache/nuxt/.nuxt/dist/client/_nuxt/DO_G180C2.js                                    0.58 kB │ gzip:   0.35 kB
node_modules/.cache/nuxt/.nuxt/dist/client/_nuxt/XhY7uCs92.js                                    0.58 kB │ gzip:   0.36 kB
node_modules/.cache/nuxt/.nuxt/dist/client/_nuxt/DIzlEz-6.js                                     0.59 kB │ gzip:   0.36 kB
node_modules/.cache/nuxt/.nuxt/dist/client/_nuxt/DrwUU_PX.js                                     0.59 kB │ gzip:   0.38 kB
node_modules/.cache/nuxt/.nuxt/dist/client/_nuxt/Czrj5loL.js                                     0.61 kB │ gzip:   0.36 kB
node_modules/.cache/nuxt/.nuxt/dist/client/_nuxt/X__Bkix42.js                                    0.61 kB │ gzip:   0.41 kB
node_modules/.cache/nuxt/.nuxt/dist/client/_nuxt/DRMN0VrL2.js                                    0.61 kB │ gzip:   0.38 kB
node_modules/.cache/nuxt/.nuxt/dist/client/_nuxt/Bcn5SRYI2.js                                    0.61 kB │ gzip:   0.31 kB
node_modules/.cache/nuxt/.nuxt/dist/client/_nuxt/BGyoRDfW.js                                     0.63 kB │ gzip:   0.42 kB
node_modules/.cache/nuxt/.nuxt/dist/client/_nuxt/C40h1mRv.js                                     0.63 kB │ gzip:   0.38 kB
node_modules/.cache/nuxt/.nuxt/dist/client/_nuxt/CTehl4FD.js                                     0.64 kB │ gzip:   0.40 kB
node_modules/.cache/nuxt/.nuxt/dist/client/_nuxt/DolARFFx.js                                     0.65 kB │ gzip:   0.34 kB
node_modules/.cache/nuxt/.nuxt/dist/client/_nuxt/Dkq1tExV.js                                     0.65 kB │ gzip:   0.43 kB
node_modules/.cache/nuxt/.nuxt/dist/client/_nuxt/BejhQsdz.js                                     0.66 kB │ gzip:   0.41 kB
node_modules/.cache/nuxt/.nuxt/dist/client/_nuxt/DV2sN6tS.js                                     0.67 kB │ gzip:   0.40 kB
node_modules/.cache/nuxt/.nuxt/dist/client/_nuxt/BZS0hNXP2.js                                    0.70 kB │ gzip:   0.44 kB
node_modules/.cache/nuxt/.nuxt/dist/client/_nuxt/Bc_sGQ0U2.js                                    0.70 kB │ gzip:   0.28 kB
node_modules/.cache/nuxt/.nuxt/dist/client/_nuxt/CW1Gpa1y.js                                     0.74 kB │ gzip:   0.41 kB
node_modules/.cache/nuxt/.nuxt/dist/client/_nuxt/Bc4M0K8u2.js                                    0.75 kB │ gzip:   0.44 kB
node_modules/.cache/nuxt/.nuxt/dist/client/_nuxt/4UWtQL7S.js                                     0.76 kB │ gzip:   0.49 kB
node_modules/.cache/nuxt/.nuxt/dist/client/_nuxt/ovPRMCHE2.js                                    0.76 kB │ gzip:   0.49 kB
node_modules/.cache/nuxt/.nuxt/dist/client/_nuxt/tOEPqXgx.js                                     0.82 kB │ gzip:   0.50 kB
node_modules/.cache/nuxt/.nuxt/dist/client/_nuxt/D9amr4QJ2.js                                    0.84 kB │ gzip:   0.55 kB
node_modules/.cache/nuxt/.nuxt/dist/client/_nuxt/OIvp2G-2.js                                     0.84 kB │ gzip:   0.51 kB
node_modules/.cache/nuxt/.nuxt/dist/client/_nuxt/Ngoj8n_O.js                                     0.84 kB │ gzip:   0.48 kB
node_modules/.cache/nuxt/.nuxt/dist/client/_nuxt/CeeoVCkU.js                                     0.86 kB │ gzip:   0.45 kB
node_modules/.cache/nuxt/.nuxt/dist/client/_nuxt/BP5bL5jH.js                                     0.87 kB │ gzip:   0.50 kB
node_modules/.cache/nuxt/.nuxt/dist/client/_nuxt/CAPhqRm5.js                                     0.88 kB │ gzip:   0.56 kB
node_modules/.cache/nuxt/.nuxt/dist/client/_nuxt/o2KvE3zQ.js                                     0.88 kB │ gzip:   0.49 kB
node_modules/.cache/nuxt/.nuxt/dist/client/_nuxt/CTWMOhsa.js                                     0.93 kB │ gzip:   0.52 kB
node_modules/.cache/nuxt/.nuxt/dist/client/_nuxt/p-5jPMPf.js                                     0.93 kB │ gzip:   0.42 kB
node_modules/.cache/nuxt/.nuxt/dist/client/_nuxt/Cx0zcnx9.js                                     0.94 kB │ gzip:   0.56 kB
node_modules/.cache/nuxt/.nuxt/dist/client/_nuxt/B8iMBwvP.js                                     0.94 kB │ gzip:   0.50 kB
node_modules/.cache/nuxt/.nuxt/dist/client/_nuxt/sBoK_t0W2.js                                    0.96 kB │ gzip:   0.49 kB
node_modules/.cache/nuxt/.nuxt/dist/client/_nuxt/D0TP3aSw.js                                     0.96 kB │ gzip:   0.59 kB
node_modules/.cache/nuxt/.nuxt/dist/client/_nuxt/_mWUWl_F.js                                     0.97 kB │ gzip:   0.57 kB
node_modules/.cache/nuxt/.nuxt/dist/client/_nuxt/Domm_jk32.js                                    0.99 kB │ gzip:   0.61 kB
node_modules/.cache/nuxt/.nuxt/dist/client/_nuxt/C3NuEPea.js                                     1.05 kB │ gzip:   0.62 kB
node_modules/.cache/nuxt/.nuxt/dist/client/_nuxt/QAyNB-Ki2.js                                    1.05 kB │ gzip:   0.60 kB
node_modules/.cache/nuxt/.nuxt/dist/client/_nuxt/BxansDDm.js                                     1.07 kB │ gzip:   0.64 kB
node_modules/.cache/nuxt/.nuxt/dist/client/_nuxt/BSHGKsiA.js                                     1.07 kB │ gzip:   0.49 kB
node_modules/.cache/nuxt/.nuxt/dist/client/_nuxt/BWWjcASn.js                                     1.08 kB │ gzip:   0.60 kB
node_modules/.cache/nuxt/.nuxt/dist/client/_nuxt/BSpERv-X.js                                     1.08 kB │ gzip:   0.58 kB
node_modules/.cache/nuxt/.nuxt/dist/client/_nuxt/C7GwXNwD.js                                     1.10 kB │ gzip:   0.63 kB
node_modules/.cache/nuxt/.nuxt/dist/client/_nuxt/BKw9tUFF2.js                                    1.11 kB │ gzip:   0.60 kB
node_modules/.cache/nuxt/.nuxt/dist/client/_nuxt/D0bLClE9.js                                     1.11 kB │ gzip:   0.63 kB
node_modules/.cache/nuxt/.nuxt/dist/client/_nuxt/Cp25NwDi.js                                     1.11 kB │ gzip:   0.69 kB
node_modules/.cache/nuxt/.nuxt/dist/client/_nuxt/BDm7VJpl2.js                                    1.12 kB │ gzip:   0.59 kB
node_modules/.cache/nuxt/.nuxt/dist/client/_nuxt/rUWOm9IT.js                                     1.15 kB │ gzip:   0.67 kB
node_modules/.cache/nuxt/.nuxt/dist/client/_nuxt/DxcdwCtO.js                                     1.16 kB │ gzip:   0.63 kB
node_modules/.cache/nuxt/.nuxt/dist/client/_nuxt/C4Dvqfgr2.js                                    1.20 kB │ gzip:   0.67 kB
node_modules/.cache/nuxt/.nuxt/dist/client/_nuxt/HclGiUj8.js                                     1.21 kB │ gzip:   0.67 kB
node_modules/.cache/nuxt/.nuxt/dist/client/_nuxt/CEpuwtMi2.js                                    1.21 kB │ gzip:   0.63 kB
node_modules/.cache/nuxt/.nuxt/dist/client/_nuxt/CM1C-G90.js                                     1.23 kB │ gzip:   0.74 kB
node_modules/.cache/nuxt/.nuxt/dist/client/_nuxt/CAibliKp2.js                                    1.24 kB │ gzip:   0.72 kB
node_modules/.cache/nuxt/.nuxt/dist/client/_nuxt/Wupchfm7.js                                     1.26 kB │ gzip:   0.58 kB
node_modules/.cache/nuxt/.nuxt/dist/client/_nuxt/wOsoVi_V2.js                                    1.26 kB │ gzip:   0.70 kB
node_modules/.cache/nuxt/.nuxt/dist/client/_nuxt/bTuwJoIa2.js                                    1.27 kB │ gzip:   0.48 kB
node_modules/.cache/nuxt/.nuxt/dist/client/_nuxt/C0FnF6B9.js                                     1.29 kB │ gzip:   0.71 kB
node_modules/.cache/nuxt/.nuxt/dist/client/_nuxt/CFfD4Bx1.js                                     1.29 kB │ gzip:   0.74 kB
node_modules/.cache/nuxt/.nuxt/dist/client/_nuxt/BVxvV8nR.js                                     1.30 kB │ gzip:   0.73 kB
node_modules/.cache/nuxt/.nuxt/dist/client/_nuxt/C2WCAsl82.js                                    1.31 kB │ gzip:   0.73 kB
node_modules/.cache/nuxt/.nuxt/dist/client/_nuxt/CEHEx144.js                                     1.32 kB │ gzip:   0.71 kB
node_modules/.cache/nuxt/.nuxt/dist/client/_nuxt/DF53bNNG.js                                     1.33 kB │ gzip:   0.55 kB
node_modules/.cache/nuxt/.nuxt/dist/client/_nuxt/BXoeDXrT2.js                                    1.33 kB │ gzip:   0.64 kB
node_modules/.cache/nuxt/.nuxt/dist/client/_nuxt/Cjwvyb2d2.js                                    1.33 kB │ gzip:   0.69 kB
node_modules/.cache/nuxt/.nuxt/dist/client/_nuxt/D2wmD-wa.js                                     1.41 kB │ gzip:   0.62 kB
node_modules/.cache/nuxt/.nuxt/dist/client/_nuxt/DLVMVLLK.js                                     1.42 kB │ gzip:   0.75 kB
node_modules/.cache/nuxt/.nuxt/dist/client/_nuxt/wGC7LnMY.js                                     1.42 kB │ gzip:   0.77 kB
node_modules/.cache/nuxt/.nuxt/dist/client/_nuxt/DeaxWqPX2.js                                    1.44 kB │ gzip:   0.78 kB
node_modules/.cache/nuxt/.nuxt/dist/client/_nuxt/CgcdvZhp2.js                                    1.45 kB │ gzip:   0.78 kB
node_modules/.cache/nuxt/.nuxt/dist/client/_nuxt/DRSj5UkF2.js                                    1.48 kB │ gzip:   0.65 kB
node_modules/.cache/nuxt/.nuxt/dist/client/_nuxt/Dp7Rs_K9.js                                     1.49 kB │ gzip:   0.72 kB
node_modules/.cache/nuxt/.nuxt/dist/client/_nuxt/IUJBoyEF.js                                     1.49 kB │ gzip:   0.79 kB
node_modules/.cache/nuxt/.nuxt/dist/client/_nuxt/D-LeqdZ32.js                                    1.52 kB │ gzip:   0.42 kB
node_modules/.cache/nuxt/.nuxt/dist/client/_nuxt/BPKRpVEn.js                                     1.53 kB │ gzip:   0.84 kB
node_modules/.cache/nuxt/.nuxt/dist/client/_nuxt/BJRAQJvU2.js                                    1.53 kB │ gzip:   0.85 kB
node_modules/.cache/nuxt/.nuxt/dist/client/_nuxt/CopQ2nXW.js                                     1.54 kB │ gzip:   0.60 kB
node_modules/.cache/nuxt/.nuxt/dist/client/_nuxt/C5oZC8Bj.js                                     1.57 kB │ gzip:   0.77 kB
node_modules/.cache/nuxt/.nuxt/dist/client/_nuxt/BTLh8drF.js                                     1.57 kB │ gzip:   0.80 kB
node_modules/.cache/nuxt/.nuxt/dist/client/_nuxt/BQdThYQ72.js                                    1.58 kB │ gzip:   0.81 kB
node_modules/.cache/nuxt/.nuxt/dist/client/_nuxt/BcKaexJE.js                                     1.60 kB │ gzip:   0.92 kB
node_modules/.cache/nuxt/.nuxt/dist/client/_nuxt/BeGwcela.js                                     1.62 kB │ gzip:   0.77 kB
node_modules/.cache/nuxt/.nuxt/dist/client/_nuxt/DRO6GnQ72.js                                    1.63 kB │ gzip:   0.82 kB
node_modules/.cache/nuxt/.nuxt/dist/client/_nuxt/C5_-GSwl2.js                                    1.66 kB │ gzip:   0.80 kB
node_modules/.cache/nuxt/.nuxt/dist/client/_nuxt/CFvPbZu52.js                                    1.68 kB │ gzip:   0.75 kB
node_modules/.cache/nuxt/.nuxt/dist/client/_nuxt/Bc53WZ4t.js                                     1.68 kB │ gzip:   0.83 kB
node_modules/.cache/nuxt/.nuxt/dist/client/_nuxt/CcwsVR0C.js                                     1.68 kB │ gzip:   0.78 kB
node_modules/.cache/nuxt/.nuxt/dist/client/_nuxt/qsWcjN_0.js                                     1.68 kB │ gzip:   0.98 kB
node_modules/.cache/nuxt/.nuxt/dist/client/_nuxt/dZ89P57T2.js                                    1.69 kB │ gzip:   0.98 kB
node_modules/.cache/nuxt/.nuxt/dist/client/_nuxt/C_1d8rkD.js                                     1.69 kB │ gzip:   1.01 kB
node_modules/.cache/nuxt/.nuxt/dist/client/_nuxt/i0X4ZdIN2.js                                    1.69 kB │ gzip:   0.82 kB
node_modules/.cache/nuxt/.nuxt/dist/client/_nuxt/CADsOxm8.js                                     1.72 kB │ gzip:   0.89 kB
node_modules/.cache/nuxt/.nuxt/dist/client/_nuxt/DZFCIeNp2.js                                    1.72 kB │ gzip:   0.63 kB
node_modules/.cache/nuxt/.nuxt/dist/client/_nuxt/CJ7wZgnZ.js                                     1.84 kB │ gzip:   0.96 kB
node_modules/.cache/nuxt/.nuxt/dist/client/_nuxt/B-e6-ViJ2.js                                    1.85 kB │ gzip:   0.73 kB
node_modules/.cache/nuxt/.nuxt/dist/client/_nuxt/D-ptJ9y-.js                                     1.85 kB │ gzip:   0.86 kB
node_modules/.cache/nuxt/.nuxt/dist/client/_nuxt/BESLQeCj.js                                     1.87 kB │ gzip:   1.05 kB
node_modules/.cache/nuxt/.nuxt/dist/client/_nuxt/X1z0Just.js                                     1.88 kB │ gzip:   0.97 kB
node_modules/.cache/nuxt/.nuxt/dist/client/_nuxt/BYD3Ih2e2.js                                    1.88 kB │ gzip:   0.94 kB
node_modules/.cache/nuxt/.nuxt/dist/client/_nuxt/G8q-dgve.js                                     1.91 kB │ gzip:   1.08 kB
node_modules/.cache/nuxt/.nuxt/dist/client/_nuxt/B7zxfy582.js                                    1.91 kB │ gzip:   0.98 kB
node_modules/.cache/nuxt/.nuxt/dist/client/_nuxt/CUp59rfq.js                                     1.92 kB │ gzip:   0.82 kB
node_modules/.cache/nuxt/.nuxt/dist/client/_nuxt/DMUM7wLl2.js                                    1.97 kB │ gzip:   0.91 kB
node_modules/.cache/nuxt/.nuxt/dist/client/_nuxt/CsQS60Ue.js                                     1.98 kB │ gzip:   0.88 kB
node_modules/.cache/nuxt/.nuxt/dist/client/_nuxt/D91e5x1G2.js                                    2.04 kB │ gzip:   1.05 kB
node_modules/.cache/nuxt/.nuxt/dist/client/_nuxt/30fFVC1o.js                                     2.06 kB │ gzip:   1.07 kB
node_modules/.cache/nuxt/.nuxt/dist/client/_nuxt/FvmIjYaQ.js                                     2.10 kB │ gzip:   1.01 kB
node_modules/.cache/nuxt/.nuxt/dist/client/_nuxt/BgS8Wbzy2.js                                    2.10 kB │ gzip:   0.96 kB
node_modules/.cache/nuxt/.nuxt/dist/client/_nuxt/fmXr3nnJ2.js                                    2.11 kB │ gzip:   0.99 kB
node_modules/.cache/nuxt/.nuxt/dist/client/_nuxt/BysnzoBx2.js                                    2.15 kB │ gzip:   0.91 kB
node_modules/.cache/nuxt/.nuxt/dist/client/_nuxt/BK7pFfiY.js                                     2.18 kB │ gzip:   1.14 kB
node_modules/.cache/nuxt/.nuxt/dist/client/_nuxt/CE-dbhxB.js                                     2.20 kB │ gzip:   1.19 kB
node_modules/.cache/nuxt/.nuxt/dist/client/_nuxt/BMcBGjuG.js                                     2.21 kB │ gzip:   1.19 kB
node_modules/.cache/nuxt/.nuxt/dist/client/_nuxt/1bPtxwIb.js                                     2.21 kB │ gzip:   1.19 kB
node_modules/.cache/nuxt/.nuxt/dist/client/_nuxt/DPqRjMXf.js                                     2.21 kB │ gzip:   1.19 kB
node_modules/.cache/nuxt/.nuxt/dist/client/_nuxt/D_Lu-MrJ2.js                                    2.21 kB │ gzip:   1.10 kB
node_modules/.cache/nuxt/.nuxt/dist/client/_nuxt/Dn7Nw2n2.js                                     2.22 kB │ gzip:   1.11 kB
node_modules/.cache/nuxt/.nuxt/dist/client/_nuxt/BAe4rZ3f2.js                                    2.24 kB │ gzip:   1.30 kB
node_modules/.cache/nuxt/.nuxt/dist/client/_nuxt/D4TzkTau.js                                     2.27 kB │ gzip:   1.03 kB
node_modules/.cache/nuxt/.nuxt/dist/client/_nuxt/CfSJPG6W.js                                     2.28 kB │ gzip:   0.88 kB
node_modules/.cache/nuxt/.nuxt/dist/client/_nuxt/CcTU44Oi2.js                                    2.28 kB │ gzip:   0.92 kB
node_modules/.cache/nuxt/.nuxt/dist/client/_nuxt/mA984wZ8.js                                     2.30 kB │ gzip:   1.18 kB
node_modules/.cache/nuxt/.nuxt/dist/client/_nuxt/BClnJGWg.js                                     2.31 kB │ gzip:   1.03 kB
node_modules/.cache/nuxt/.nuxt/dist/client/_nuxt/CIPQ_RoX.js                                     2.32 kB │ gzip:   1.02 kB
node_modules/.cache/nuxt/.nuxt/dist/client/_nuxt/ByrHafTq2.js                                    2.33 kB │ gzip:   1.29 kB
node_modules/.cache/nuxt/.nuxt/dist/client/_nuxt/DFyo689z.js                                     2.33 kB │ gzip:   1.31 kB
node_modules/.cache/nuxt/.nuxt/dist/client/_nuxt/C-y9NEjX2.js                                    2.35 kB │ gzip:   1.11 kB
node_modules/.cache/nuxt/.nuxt/dist/client/_nuxt/B5-_aFwp2.js                                    2.36 kB │ gzip:   0.91 kB
node_modules/.cache/nuxt/.nuxt/dist/client/_nuxt/VN2o5iHU.js                                     2.37 kB │ gzip:   1.22 kB
node_modules/.cache/nuxt/.nuxt/dist/client/_nuxt/ExJCYKk8.js                                     2.38 kB │ gzip:   1.15 kB
node_modules/.cache/nuxt/.nuxt/dist/client/_nuxt/GP5Rs590.js                                     2.40 kB │ gzip:   1.09 kB
node_modules/.cache/nuxt/.nuxt/dist/client/_nuxt/CH_KPP932.js                                    2.41 kB │ gzip:   1.10 kB
node_modules/.cache/nuxt/.nuxt/dist/client/_nuxt/CRfGWb832.js                                    2.48 kB │ gzip:   1.15 kB
node_modules/.cache/nuxt/.nuxt/dist/client/_nuxt/dkvZTCpo.js                                     2.48 kB │ gzip:   1.24 kB
node_modules/.cache/nuxt/.nuxt/dist/client/_nuxt/FFTGDKLK.js                                     2.49 kB │ gzip:   1.29 kB
node_modules/.cache/nuxt/.nuxt/dist/client/_nuxt/CBS2pCCO.js                                     2.49 kB │ gzip:   1.29 kB
node_modules/.cache/nuxt/.nuxt/dist/client/_nuxt/Dzyav9BR2.js                                    2.49 kB │ gzip:   1.36 kB
node_modules/.cache/nuxt/.nuxt/dist/client/_nuxt/Bpxb7IBD.js                                     2.50 kB │ gzip:   1.35 kB
node_modules/.cache/nuxt/.nuxt/dist/client/_nuxt/BpT1qdSZ.js                                     2.50 kB │ gzip:   0.96 kB
node_modules/.cache/nuxt/.nuxt/dist/client/_nuxt/DPwq16pk.js                                     2.51 kB │ gzip:   1.30 kB
node_modules/.cache/nuxt/.nuxt/dist/client/_nuxt/D-oSqn_W.js                                     2.52 kB │ gzip:   1.29 kB
node_modules/.cache/nuxt/.nuxt/dist/client/_nuxt/CbUuFpVk.js                                     2.53 kB │ gzip:   1.20 kB
node_modules/.cache/nuxt/.nuxt/dist/client/_nuxt/Cjmr6sLq.js                                     2.55 kB │ gzip:   1.24 kB
node_modules/.cache/nuxt/.nuxt/dist/client/_nuxt/De6ibRB42.js                                    2.61 kB │ gzip:   1.19 kB
node_modules/.cache/nuxt/.nuxt/dist/client/_nuxt/B8J7ngcE2.js                                    2.62 kB │ gzip:   1.01 kB
node_modules/.cache/nuxt/.nuxt/dist/client/_nuxt/Ctjtam4h.js                                     2.63 kB │ gzip:   0.90 kB
node_modules/.cache/nuxt/.nuxt/dist/client/_nuxt/Czlp-edo.js                                     2.63 kB │ gzip:   1.36 kB
node_modules/.cache/nuxt/.nuxt/dist/client/_nuxt/DrH0SRf2.js                                     2.63 kB │ gzip:   1.35 kB
node_modules/.cache/nuxt/.nuxt/dist/client/_nuxt/C8Ef5oNN2.js                                    2.65 kB │ gzip:   1.27 kB
node_modules/.cache/nuxt/.nuxt/dist/client/_nuxt/CdyU4QHL.js                                     2.65 kB │ gzip:   1.32 kB
node_modules/.cache/nuxt/.nuxt/dist/client/_nuxt/Cid9t0gW.js                                     2.66 kB │ gzip:   1.07 kB
node_modules/.cache/nuxt/.nuxt/dist/client/_nuxt/DkqhCAOL.js                                     2.72 kB │ gzip:   1.37 kB
node_modules/.cache/nuxt/.nuxt/dist/client/_nuxt/CNiVRSgJ.js                                     2.72 kB │ gzip:   1.21 kB
node_modules/.cache/nuxt/.nuxt/dist/client/_nuxt/CgUNqJr4.js                                     2.72 kB │ gzip:   1.17 kB
node_modules/.cache/nuxt/.nuxt/dist/client/_nuxt/WRIb-jr4.js                                     2.73 kB │ gzip:   1.12 kB
node_modules/.cache/nuxt/.nuxt/dist/client/_nuxt/B8dXZyF7.js                                     2.75 kB │ gzip:   1.12 kB
node_modules/.cache/nuxt/.nuxt/dist/client/_nuxt/CCm5aO912.js                                    2.77 kB │ gzip:   1.32 kB
node_modules/.cache/nuxt/.nuxt/dist/client/_nuxt/CC2rA5mh2.js                                    2.81 kB │ gzip:   1.16 kB
node_modules/.cache/nuxt/.nuxt/dist/client/_nuxt/CKLH9n6l.js                                     2.82 kB │ gzip:   1.02 kB
node_modules/.cache/nuxt/.nuxt/dist/client/_nuxt/BwWrilGY.js                                     2.83 kB │ gzip:   1.25 kB
node_modules/.cache/nuxt/.nuxt/dist/client/_nuxt/Db-WUzRe.js                                     2.84 kB │ gzip:   1.38 kB
node_modules/.cache/nuxt/.nuxt/dist/client/_nuxt/Dv8Tz27h2.js                                    2.86 kB │ gzip:   1.45 kB
node_modules/.cache/nuxt/.nuxt/dist/client/_nuxt/BEtHBSE62.js                                    2.90 kB │ gzip:   1.34 kB
node_modules/.cache/nuxt/.nuxt/dist/client/_nuxt/DVmrGx09.js                                     2.93 kB │ gzip:   1.51 kB
node_modules/.cache/nuxt/.nuxt/dist/client/_nuxt/SQf00uL22.js                                    2.96 kB │ gzip:   1.27 kB
node_modules/.cache/nuxt/.nuxt/dist/client/_nuxt/jyxo6IuI.js                                     2.96 kB │ gzip:   1.48 kB
node_modules/.cache/nuxt/.nuxt/dist/client/_nuxt/BN8Ex6LP2.js                                    3.00 kB │ gzip:   1.23 kB
node_modules/.cache/nuxt/.nuxt/dist/client/_nuxt/C40yLM8_2.js                                    3.01 kB │ gzip:   1.51 kB
node_modules/.cache/nuxt/.nuxt/dist/client/_nuxt/ClamHrr6.js                                     3.03 kB │ gzip:   1.41 kB
node_modules/.cache/nuxt/.nuxt/dist/client/_nuxt/CVaqCwHa2.js                                    3.04 kB │ gzip:   1.40 kB
node_modules/.cache/nuxt/.nuxt/dist/client/_nuxt/Cr0jigJc2.js                                    3.04 kB │ gzip:   1.19 kB
node_modules/.cache/nuxt/.nuxt/dist/client/_nuxt/DTu1gfg72.js                                    3.05 kB │ gzip:   1.27 kB
node_modules/.cache/nuxt/.nuxt/dist/client/_nuxt/DmHpPYUd.js                                     3.05 kB │ gzip:   1.33 kB
node_modules/.cache/nuxt/.nuxt/dist/client/_nuxt/C9jNfyhC.js                                     3.07 kB │ gzip:   1.62 kB
node_modules/.cache/nuxt/.nuxt/dist/client/_nuxt/B0qVs-E9.js                                     3.08 kB │ gzip:   1.42 kB
node_modules/.cache/nuxt/.nuxt/dist/client/_nuxt/BCFd35se2.js                                    3.10 kB │ gzip:   1.52 kB
node_modules/.cache/nuxt/.nuxt/dist/client/_nuxt/CAcTcP23.js                                     3.15 kB │ gzip:   1.49 kB
node_modules/.cache/nuxt/.nuxt/dist/client/_nuxt/joCCWErz2.js                                    3.16 kB │ gzip:   1.26 kB
node_modules/.cache/nuxt/.nuxt/dist/client/_nuxt/BnIjUec2.js                                     3.18 kB │ gzip:   1.67 kB
node_modules/.cache/nuxt/.nuxt/dist/client/_nuxt/CncwkEPo.js                                     3.23 kB │ gzip:   1.74 kB
node_modules/.cache/nuxt/.nuxt/dist/client/_nuxt/DISqw1ZD2.js                                    3.27 kB │ gzip:   1.32 kB
node_modules/.cache/nuxt/.nuxt/dist/client/_nuxt/DjNM5Q5H.js                                     3.32 kB │ gzip:   1.76 kB
node_modules/.cache/nuxt/.nuxt/dist/client/_nuxt/DMmnygbd.js                                     3.32 kB │ gzip:   1.55 kB
node_modules/.cache/nuxt/.nuxt/dist/client/_nuxt/Ba7i2nA02.js                                    3.36 kB │ gzip:   1.24 kB
node_modules/.cache/nuxt/.nuxt/dist/client/_nuxt/Ca9d60fD.js                                     3.36 kB │ gzip:   1.29 kB
node_modules/.cache/nuxt/.nuxt/dist/client/_nuxt/1_0HiAYL.js                                     3.40 kB │ gzip:   1.74 kB
node_modules/.cache/nuxt/.nuxt/dist/client/_nuxt/CpzslTdj2.js                                    3.44 kB │ gzip:   1.45 kB
node_modules/.cache/nuxt/.nuxt/dist/client/_nuxt/BWPQTe0t.js                                     3.46 kB │ gzip:   1.70 kB
node_modules/.cache/nuxt/.nuxt/dist/client/_nuxt/YQZBaeuF2.js                                    3.47 kB │ gzip:   1.68 kB
node_modules/.cache/nuxt/.nuxt/dist/client/_nuxt/CAIdsgFW2.js                                    3.49 kB │ gzip:   1.57 kB
node_modules/.cache/nuxt/.nuxt/dist/client/_nuxt/bbFusVn1.js                                     3.54 kB │ gzip:   1.60 kB
node_modules/.cache/nuxt/.nuxt/dist/client/_nuxt/1sn8aEg2.js                                     3.54 kB │ gzip:   1.72 kB
node_modules/.cache/nuxt/.nuxt/dist/client/_nuxt/9ZgDgdC2.js                                     3.55 kB │ gzip:   1.74 kB
node_modules/.cache/nuxt/.nuxt/dist/client/_nuxt/BWFlrrFr2.js                                    3.56 kB │ gzip:   1.64 kB
node_modules/.cache/nuxt/.nuxt/dist/client/_nuxt/CrRbbhL4.js                                     3.56 kB │ gzip:   1.63 kB
node_modules/.cache/nuxt/.nuxt/dist/client/_nuxt/bcRsIsIR.js                                     3.60 kB │ gzip:   1.69 kB
node_modules/.cache/nuxt/.nuxt/dist/client/_nuxt/Tt5-Gi-W.js                                     3.61 kB │ gzip:   1.79 kB
node_modules/.cache/nuxt/.nuxt/dist/client/_nuxt/C8ZwcZAw.js                                     3.63 kB │ gzip:   1.69 kB
node_modules/.cache/nuxt/.nuxt/dist/client/_nuxt/Cimd5fb3.js                                     3.63 kB │ gzip:   1.34 kB
node_modules/.cache/nuxt/.nuxt/dist/client/_nuxt/DdL9SqIa.js                                     3.66 kB │ gzip:   1.80 kB
node_modules/.cache/nuxt/.nuxt/dist/client/_nuxt/B-2XCyG8.js                                     3.71 kB │ gzip:   1.61 kB
node_modules/.cache/nuxt/.nuxt/dist/client/_nuxt/BYgofb2h.js                                     3.74 kB │ gzip:   1.32 kB
node_modules/.cache/nuxt/.nuxt/dist/client/_nuxt/B9JPFI3C.js                                     3.74 kB │ gzip:   1.36 kB
node_modules/.cache/nuxt/.nuxt/dist/client/_nuxt/BZiNnnup.js                                     3.77 kB │ gzip:   1.82 kB
node_modules/.cache/nuxt/.nuxt/dist/client/_nuxt/X36CISD1.js                                     3.79 kB │ gzip:   1.72 kB
node_modules/.cache/nuxt/.nuxt/dist/client/_nuxt/oM_tNlh_2.js                                    3.79 kB │ gzip:   1.73 kB
node_modules/.cache/nuxt/.nuxt/dist/client/_nuxt/C0PjxWVw.js                                     3.81 kB │ gzip:   1.61 kB
node_modules/.cache/nuxt/.nuxt/dist/client/_nuxt/CuY32yfg2.js                                    3.88 kB │ gzip:   1.83 kB
node_modules/.cache/nuxt/.nuxt/dist/client/_nuxt/9MFJhc8V2.js                                    3.89 kB │ gzip:   1.48 kB
node_modules/.cache/nuxt/.nuxt/dist/client/_nuxt/Y4D63QmW2.js                                    3.90 kB │ gzip:   1.99 kB
node_modules/.cache/nuxt/.nuxt/dist/client/_nuxt/BoFsSiR3.js                                     3.92 kB │ gzip:   1.71 kB
node_modules/.cache/nuxt/.nuxt/dist/client/_nuxt/BnBGAWWD.js                                     3.93 kB │ gzip:   1.86 kB
node_modules/.cache/nuxt/.nuxt/dist/client/_nuxt/onAF5SnQ2.js                                    3.93 kB │ gzip:   1.60 kB
node_modules/.cache/nuxt/.nuxt/dist/client/_nuxt/BJhVVcET.js                                     3.95 kB │ gzip:   1.84 kB
node_modules/.cache/nuxt/.nuxt/dist/client/_nuxt/nleLITFN.js                                     3.96 kB │ gzip:   1.67 kB
node_modules/.cache/nuxt/.nuxt/dist/client/_nuxt/DiMSXEoX.js                                     3.97 kB │ gzip:   1.61 kB
node_modules/.cache/nuxt/.nuxt/dist/client/_nuxt/BgG8YKnV.js                                     3.98 kB │ gzip:   1.99 kB
node_modules/.cache/nuxt/.nuxt/dist/client/_nuxt/BDMl0Xjw2.js                                    4.00 kB │ gzip:   1.84 kB
node_modules/.cache/nuxt/.nuxt/dist/client/_nuxt/BnbAfAXz2.js                                    4.05 kB │ gzip:   1.77 kB
node_modules/.cache/nuxt/.nuxt/dist/client/_nuxt/BAOxVXh32.js                                    4.06 kB │ gzip:   1.83 kB
node_modules/.cache/nuxt/.nuxt/dist/client/_nuxt/DSeSK6Z82.js                                    4.06 kB │ gzip:   1.66 kB
node_modules/.cache/nuxt/.nuxt/dist/client/_nuxt/BKxtCVv12.js                                    4.11 kB │ gzip:   1.66 kB
node_modules/.cache/nuxt/.nuxt/dist/client/_nuxt/CfUkLGvT.js                                     4.15 kB │ gzip:   1.79 kB
node_modules/.cache/nuxt/.nuxt/dist/client/_nuxt/CdbCilM02.js                                    4.15 kB │ gzip:   1.94 kB
node_modules/.cache/nuxt/.nuxt/dist/client/_nuxt/Ct0Hn2Pk.js                                     4.18 kB │ gzip:   1.79 kB
node_modules/.cache/nuxt/.nuxt/dist/client/_nuxt/26Xu7xyZ2.js                                    4.18 kB │ gzip:   2.25 kB
node_modules/.cache/nuxt/.nuxt/dist/client/_nuxt/FqIpIFtQ.js                                     4.25 kB │ gzip:   1.84 kB
node_modules/.cache/nuxt/.nuxt/dist/client/_nuxt/DauUninz.js                                     4.27 kB │ gzip:   1.87 kB
node_modules/.cache/nuxt/.nuxt/dist/client/_nuxt/DIMkf-bt2.js                                    4.36 kB │ gzip:   1.33 kB
node_modules/.cache/nuxt/.nuxt/dist/client/_nuxt/DXD1Ox4l2.js                                    4.37 kB │ gzip:   2.26 kB
node_modules/.cache/nuxt/.nuxt/dist/client/_nuxt/ClKD35Ds2.js                                    4.38 kB │ gzip:   1.99 kB
node_modules/.cache/nuxt/.nuxt/dist/client/_nuxt/chwPyhGg.js                                     4.40 kB │ gzip:   1.90 kB
node_modules/.cache/nuxt/.nuxt/dist/client/_nuxt/BsCQJBfF2.js                                    4.41 kB │ gzip:   1.90 kB
node_modules/.cache/nuxt/.nuxt/dist/client/_nuxt/Bdv6jWGj.js                                     4.46 kB │ gzip:   1.62 kB
node_modules/.cache/nuxt/.nuxt/dist/client/_nuxt/Z5eAx3Zn.js                                     4.46 kB │ gzip:   1.60 kB
node_modules/.cache/nuxt/.nuxt/dist/client/_nuxt/D8OKxmRq2.js                                    4.48 kB │ gzip:   2.06 kB
node_modules/.cache/nuxt/.nuxt/dist/client/_nuxt/Bxkupp3x2.js                                    4.48 kB │ gzip:   1.99 kB
node_modules/.cache/nuxt/.nuxt/dist/client/_nuxt/qXv0VSW6.js                                     4.51 kB │ gzip:   2.27 kB
node_modules/.cache/nuxt/.nuxt/dist/client/_nuxt/DP1ENvjM.js                                     4.56 kB │ gzip:   1.98 kB
node_modules/.cache/nuxt/.nuxt/dist/client/_nuxt/D05T4iGw2.js                                    4.62 kB │ gzip:   2.19 kB
node_modules/.cache/nuxt/.nuxt/dist/client/_nuxt/COQl38si.js                                     4.62 kB │ gzip:   2.34 kB
node_modules/.cache/nuxt/.nuxt/dist/client/_nuxt/DGSma6il2.js                                    4.70 kB │ gzip:   1.80 kB
node_modules/.cache/nuxt/.nuxt/dist/client/_nuxt/w8ztTqAE2.js                                    4.72 kB │ gzip:   1.41 kB
node_modules/.cache/nuxt/.nuxt/dist/client/_nuxt/BU2tN-R0.js                                     4.73 kB │ gzip:   1.78 kB
node_modules/.cache/nuxt/.nuxt/dist/client/_nuxt/vIeo0lG-2.js                                    4.73 kB │ gzip:   2.17 kB
node_modules/.cache/nuxt/.nuxt/dist/client/_nuxt/C7h46wYY2.js                                    4.74 kB │ gzip:   2.02 kB
node_modules/.cache/nuxt/.nuxt/dist/client/_nuxt/jHHtuDDK.js                                     4.74 kB │ gzip:   1.40 kB
node_modules/.cache/nuxt/.nuxt/dist/client/_nuxt/DI7Afzca2.js                                    4.76 kB │ gzip:   2.11 kB
node_modules/.cache/nuxt/.nuxt/dist/client/_nuxt/nhJOx-5g2.js                                    4.85 kB │ gzip:   1.57 kB
node_modules/.cache/nuxt/.nuxt/dist/client/_nuxt/BwOc8Ime2.js                                    4.88 kB │ gzip:   1.34 kB
node_modules/.cache/nuxt/.nuxt/dist/client/_nuxt/BTlKxhcx.js                                     4.88 kB │ gzip:   2.19 kB
node_modules/.cache/nuxt/.nuxt/dist/client/_nuxt/DBG_gPhA2.js                                    4.93 kB │ gzip:   1.80 kB
node_modules/.cache/nuxt/.nuxt/dist/client/_nuxt/B8nYsu7g.js                                     4.93 kB │ gzip:   2.28 kB
node_modules/.cache/nuxt/.nuxt/dist/client/_nuxt/B6W-ir052.js                                    4.97 kB │ gzip:   1.74 kB
node_modules/.cache/nuxt/.nuxt/dist/client/_nuxt/B8CLpywV.js                                     5.03 kB │ gzip:   2.12 kB
node_modules/.cache/nuxt/.nuxt/dist/client/_nuxt/DTZUFN7O.js                                     5.06 kB │ gzip:   2.12 kB
node_modules/.cache/nuxt/.nuxt/dist/client/_nuxt/DSniuhd02.js                                    5.06 kB │ gzip:   2.03 kB
node_modules/.cache/nuxt/.nuxt/dist/client/_nuxt/edA9WUZx.js                                     5.09 kB │ gzip:   2.22 kB
node_modules/.cache/nuxt/.nuxt/dist/client/_nuxt/_rhV6_Yd.js                                     5.21 kB │ gzip:   2.84 kB
node_modules/.cache/nuxt/.nuxt/dist/client/_nuxt/D9KQyHH62.js                                    5.21 kB │ gzip:   2.15 kB
node_modules/.cache/nuxt/.nuxt/dist/client/_nuxt/gQh86RMg.js                                     5.22 kB │ gzip:   1.81 kB
node_modules/.cache/nuxt/.nuxt/dist/client/_nuxt/yoAGCs5e2.js                                    5.23 kB │ gzip:   2.11 kB
node_modules/.cache/nuxt/.nuxt/dist/client/_nuxt/Cw0pWQ9B.js                                     5.25 kB │ gzip:   2.06 kB
node_modules/.cache/nuxt/.nuxt/dist/client/_nuxt/DV3o63ZY2.js                                    5.30 kB │ gzip:   2.01 kB
node_modules/.cache/nuxt/.nuxt/dist/client/_nuxt/BW8x7adk2.js                                    5.35 kB │ gzip:   2.15 kB
node_modules/.cache/nuxt/.nuxt/dist/client/_nuxt/DSAfYGIK2.js                                    5.35 kB │ gzip:   2.12 kB
node_modules/.cache/nuxt/.nuxt/dist/client/_nuxt/CRHa09ED2.js                                    5.47 kB │ gzip:   2.19 kB
node_modules/.cache/nuxt/.nuxt/dist/client/_nuxt/BW0KAuut.js                                     5.57 kB │ gzip:   1.95 kB
node_modules/.cache/nuxt/.nuxt/dist/client/_nuxt/BTJS5IOM2.js                                    5.70 kB │ gzip:   2.10 kB
node_modules/.cache/nuxt/.nuxt/dist/client/_nuxt/De2hgUGE2.js                                    5.78 kB │ gzip:   1.48 kB
node_modules/.cache/nuxt/.nuxt/dist/client/_nuxt/C4Io-RMG.js                                     5.80 kB │ gzip:   2.51 kB
node_modules/.cache/nuxt/.nuxt/dist/client/_nuxt/C0YWs3062.js                                    5.94 kB │ gzip:   2.40 kB
node_modules/.cache/nuxt/.nuxt/dist/client/_nuxt/CuKwH7kZ.js                                     5.95 kB │ gzip:   3.01 kB
node_modules/.cache/nuxt/.nuxt/dist/client/_nuxt/BuAXOXK1.js                                     5.98 kB │ gzip:   2.47 kB
node_modules/.cache/nuxt/.nuxt/dist/client/_nuxt/CFCh7H49.js                                     6.00 kB │ gzip:   2.43 kB
node_modules/.cache/nuxt/.nuxt/dist/client/_nuxt/DPhImZfO.js                                     6.02 kB │ gzip:   2.28 kB
node_modules/.cache/nuxt/.nuxt/dist/client/_nuxt/CWYcsawR.js                                     6.03 kB │ gzip:   2.42 kB
node_modules/.cache/nuxt/.nuxt/dist/client/_nuxt/BpL_VNH0.js                                     6.05 kB │ gzip:   2.09 kB
node_modules/.cache/nuxt/.nuxt/dist/client/_nuxt/BpROZGB62.js                                    6.07 kB │ gzip:   2.42 kB
node_modules/.cache/nuxt/.nuxt/dist/client/_nuxt/3jtOyiJf.js                                     6.22 kB │ gzip:   2.38 kB
node_modules/.cache/nuxt/.nuxt/dist/client/_nuxt/gp-XZpBa2.js                                    6.26 kB │ gzip:   1.70 kB
node_modules/.cache/nuxt/.nuxt/dist/client/_nuxt/BUQhIhKO.js                                     6.29 kB │ gzip:   2.36 kB
node_modules/.cache/nuxt/.nuxt/dist/client/_nuxt/B4ofsErr.js                                     6.36 kB │ gzip:   2.80 kB
node_modules/.cache/nuxt/.nuxt/dist/client/_nuxt/Umu_vk-K.js                                     6.41 kB │ gzip:   2.55 kB
node_modules/.cache/nuxt/.nuxt/dist/client/_nuxt/estKUuHE2.js                                    6.43 kB │ gzip:   3.04 kB
node_modules/.cache/nuxt/.nuxt/dist/client/_nuxt/DyLr68-H2.js                                    6.49 kB │ gzip:   2.94 kB
node_modules/.cache/nuxt/.nuxt/dist/client/_nuxt/Bri6UV-V.js                                     6.50 kB │ gzip:   2.64 kB
node_modules/.cache/nuxt/.nuxt/dist/client/_nuxt/BEY0sE0g2.js                                    6.50 kB │ gzip:   3.07 kB
node_modules/.cache/nuxt/.nuxt/dist/client/_nuxt/CZE9i5Yg.js                                     6.59 kB │ gzip:   2.97 kB
node_modules/.cache/nuxt/.nuxt/dist/client/_nuxt/B1rfcOtT.js                                     6.63 kB │ gzip:   3.07 kB
node_modules/.cache/nuxt/.nuxt/dist/client/_nuxt/9YyOilcn2.js                                    6.65 kB │ gzip:   1.57 kB
node_modules/.cache/nuxt/.nuxt/dist/client/_nuxt/BSbiiymE.js                                     6.73 kB │ gzip:   2.89 kB
node_modules/.cache/nuxt/.nuxt/dist/client/_nuxt/DG6mkQXm.js                                     6.83 kB │ gzip:   2.72 kB
node_modules/.cache/nuxt/.nuxt/dist/client/_nuxt/Bz4Y3fRF2.js                                    6.85 kB │ gzip:   2.72 kB
node_modules/.cache/nuxt/.nuxt/dist/client/_nuxt/BtnX8A6y2.js                                    6.93 kB │ gzip:   2.91 kB
node_modules/.cache/nuxt/.nuxt/dist/client/_nuxt/DbInun422.js                                    6.94 kB │ gzip:   2.24 kB
node_modules/.cache/nuxt/.nuxt/dist/client/_nuxt/DnPMqKrO2.js                                    6.98 kB │ gzip:   2.94 kB
node_modules/.cache/nuxt/.nuxt/dist/client/_nuxt/DHpiXF5c.js                                     7.11 kB │ gzip:   2.07 kB
node_modules/.cache/nuxt/.nuxt/dist/client/_nuxt/CJeh0x5i.js                                     7.14 kB │ gzip:   2.32 kB
node_modules/.cache/nuxt/.nuxt/dist/client/_nuxt/DpFanUEy2.js                                    7.18 kB │ gzip:   2.73 kB
node_modules/.cache/nuxt/.nuxt/dist/client/_nuxt/CW2dwWsk2.js                                    7.22 kB │ gzip:   3.17 kB
node_modules/.cache/nuxt/.nuxt/dist/client/_nuxt/CgHxAplj.js                                     7.32 kB │ gzip:   3.36 kB
node_modules/.cache/nuxt/.nuxt/dist/client/_nuxt/oz_6vUea.js                                     7.35 kB │ gzip:   3.10 kB
node_modules/.cache/nuxt/.nuxt/dist/client/_nuxt/JwtZPmfW.js                                     7.35 kB │ gzip:   2.95 kB
node_modules/.cache/nuxt/.nuxt/dist/client/_nuxt/43DmfD33.js                                     7.36 kB │ gzip:   2.39 kB
node_modules/.cache/nuxt/.nuxt/dist/client/_nuxt/DWGb2ZsN2.js                                    7.41 kB │ gzip:   2.67 kB
node_modules/.cache/nuxt/.nuxt/dist/client/_nuxt/CbJaZnm4.js                                     7.47 kB │ gzip:   2.86 kB
node_modules/.cache/nuxt/.nuxt/dist/client/_nuxt/B5Ujhheh.js                                     7.58 kB │ gzip:   3.82 kB
node_modules/.cache/nuxt/.nuxt/dist/client/_nuxt/nr791fC2.js                                     7.74 kB │ gzip:   2.03 kB
node_modules/.cache/nuxt/.nuxt/dist/client/_nuxt/C0nfOp5g.js                                     7.75 kB │ gzip:   0.99 kB
node_modules/.cache/nuxt/.nuxt/dist/client/_nuxt/D8Nn7-Bt.js                                     7.76 kB │ gzip:   2.69 kB
node_modules/.cache/nuxt/.nuxt/dist/client/_nuxt/CNWgv9hq.js                                     7.77 kB │ gzip:   3.11 kB
node_modules/.cache/nuxt/.nuxt/dist/client/_nuxt/D9nWoJw-2.js                                    7.85 kB │ gzip:   2.80 kB
node_modules/.cache/nuxt/.nuxt/dist/client/_nuxt/Bjh_WbKK.js                                     7.92 kB │ gzip:   3.63 kB
node_modules/.cache/nuxt/.nuxt/dist/client/_nuxt/Cm7r79vr2.js                                    8.21 kB │ gzip:   3.49 kB
node_modules/.cache/nuxt/.nuxt/dist/client/_nuxt/DezsRK8O.js                                     8.21 kB │ gzip:   2.55 kB
node_modules/.cache/nuxt/.nuxt/dist/client/_nuxt/DePDV5Kh.js                                     8.25 kB │ gzip:   3.47 kB
node_modules/.cache/nuxt/.nuxt/dist/client/_nuxt/jyO9kdBs.js                                     8.47 kB │ gzip:   2.23 kB
node_modules/.cache/nuxt/.nuxt/dist/client/_nuxt/rOqR3Fq9.js                                     8.75 kB │ gzip:   3.35 kB
node_modules/.cache/nuxt/.nuxt/dist/client/_nuxt/DuXUo2RM2.js                                    8.81 kB │ gzip:   3.34 kB
node_modules/.cache/nuxt/.nuxt/dist/client/_nuxt/NEE52Syq2.js                                    8.84 kB │ gzip:   3.73 kB
node_modules/.cache/nuxt/.nuxt/dist/client/_nuxt/fWLTFexC.js                                     8.85 kB │ gzip:   3.69 kB
node_modules/.cache/nuxt/.nuxt/dist/client/_nuxt/C531GsRP.js                                     8.89 kB │ gzip:   2.04 kB
node_modules/.cache/nuxt/.nuxt/dist/client/_nuxt/CCi22wZT.js                                     8.99 kB │ gzip:   3.47 kB
node_modules/.cache/nuxt/.nuxt/dist/client/_nuxt/DQv_uTHL2.js                                    9.21 kB │ gzip:   3.62 kB
node_modules/.cache/nuxt/.nuxt/dist/client/_nuxt/BfRButUS2.js                                    9.40 kB │ gzip:   3.43 kB
node_modules/.cache/nuxt/.nuxt/dist/client/_nuxt/BZ2TUZ5W.js                                     9.52 kB │ gzip:   3.82 kB
node_modules/.cache/nuxt/.nuxt/dist/client/_nuxt/D4DtzESY.js                                     9.65 kB │ gzip:   3.83 kB
node_modules/.cache/nuxt/.nuxt/dist/client/_nuxt/SOo6toE5.js                                     9.65 kB │ gzip:   3.98 kB
node_modules/.cache/nuxt/.nuxt/dist/client/_nuxt/CinMTHRx2.js                                    9.96 kB │ gzip:   4.02 kB
node_modules/.cache/nuxt/.nuxt/dist/client/_nuxt/BU55WRGq2.js                                    9.97 kB │ gzip:   3.91 kB
node_modules/.cache/nuxt/.nuxt/dist/client/_nuxt/6RTg0lbw2.js                                   10.11 kB │ gzip:   2.50 kB
node_modules/.cache/nuxt/.nuxt/dist/client/_nuxt/CIVidfcj.js                                    10.13 kB │ gzip:   4.00 kB
node_modules/.cache/nuxt/.nuxt/dist/client/_nuxt/C4hLmhOZ2.js                                   10.31 kB │ gzip:   4.05 kB
node_modules/.cache/nuxt/.nuxt/dist/client/_nuxt/DT7zqm-g.js                                    10.33 kB │ gzip:   4.24 kB
node_modules/.cache/nuxt/.nuxt/dist/client/_nuxt/DcZKjoZV.js                                    10.35 kB │ gzip:   3.25 kB
node_modules/.cache/nuxt/.nuxt/dist/client/_nuxt/Dq4cPkD1.js                                    10.55 kB │ gzip:   3.36 kB
node_modules/.cache/nuxt/.nuxt/dist/client/_nuxt/B-FbZrss.js                                    10.58 kB │ gzip:   3.73 kB
node_modules/.cache/nuxt/.nuxt/dist/client/_nuxt/BrQm1DBM.js                                    10.59 kB │ gzip:   4.62 kB
node_modules/.cache/nuxt/.nuxt/dist/client/_nuxt/CQPGMmNr2.js                                   10.67 kB │ gzip:   4.60 kB
node_modules/.cache/nuxt/.nuxt/dist/client/_nuxt/KBskGPN4.js                                    10.80 kB │ gzip:   3.98 kB
node_modules/.cache/nuxt/.nuxt/dist/client/_nuxt/BziVLg6n.js                                    10.83 kB │ gzip:   4.47 kB
node_modules/.cache/nuxt/.nuxt/dist/client/_nuxt/DHQ5BhjT.js                                    11.00 kB │ gzip:   4.15 kB
node_modules/.cache/nuxt/.nuxt/dist/client/_nuxt/D7W1GzG9.js                                    11.25 kB │ gzip:   3.47 kB
node_modules/.cache/nuxt/.nuxt/dist/client/_nuxt/XxoFCI1Y.js                                    11.25 kB │ gzip:   4.93 kB
node_modules/.cache/nuxt/.nuxt/dist/client/_nuxt/CklmIOiH.js                                    11.27 kB │ gzip:   4.66 kB
node_modules/.cache/nuxt/.nuxt/dist/client/_nuxt/C82bihRb.js                                    11.33 kB │ gzip:   4.26 kB
node_modules/.cache/nuxt/.nuxt/dist/client/_nuxt/l8nfc3Vy.js                                    11.57 kB │ gzip:   4.01 kB
node_modules/.cache/nuxt/.nuxt/dist/client/_nuxt/OeWEszA42.js                                   11.61 kB │ gzip:   3.90 kB
node_modules/.cache/nuxt/.nuxt/dist/client/_nuxt/DaAzjzYK2.js                                   11.66 kB │ gzip:   4.46 kB
node_modules/.cache/nuxt/.nuxt/dist/client/_nuxt/08VXUWAP.js                                    11.69 kB │ gzip:   5.15 kB
node_modules/.cache/nuxt/.nuxt/dist/client/_nuxt/DTj74zXo.js                                    11.91 kB │ gzip:   4.42 kB
node_modules/.cache/nuxt/.nuxt/dist/client/_nuxt/8kv3On4Z.js                                    12.36 kB │ gzip:   4.89 kB
node_modules/.cache/nuxt/.nuxt/dist/client/_nuxt/BogOcbwD.js                                    12.65 kB │ gzip:   5.46 kB
node_modules/.cache/nuxt/.nuxt/dist/client/_nuxt/D8BaFVKE2.js                                   13.18 kB │ gzip:   4.80 kB
node_modules/.cache/nuxt/.nuxt/dist/client/_nuxt/CtF4HcEt2.js                                   13.46 kB │ gzip:   4.95 kB
node_modules/.cache/nuxt/.nuxt/dist/client/_nuxt/BG_FzdU_2.js                                   13.55 kB │ gzip:   4.81 kB
node_modules/.cache/nuxt/.nuxt/dist/client/_nuxt/jHomWusD.js                                    13.65 kB │ gzip:   4.71 kB
node_modules/.cache/nuxt/.nuxt/dist/client/_nuxt/BvgGq4S02.js                                   13.73 kB │ gzip:   5.31 kB
node_modules/.cache/nuxt/.nuxt/dist/client/_nuxt/C3eRBZ66.js                                    14.02 kB │ gzip:   5.06 kB
node_modules/.cache/nuxt/.nuxt/dist/client/_nuxt/DGVjeU8G2.js                                   14.02 kB │ gzip:   5.67 kB
node_modules/.cache/nuxt/.nuxt/dist/client/_nuxt/chjty2h2.js                                    14.10 kB │ gzip:   5.04 kB
node_modules/.cache/nuxt/.nuxt/dist/client/_nuxt/Cg63jVx1.js                                    14.17 kB │ gzip:   4.66 kB
node_modules/.cache/nuxt/.nuxt/dist/client/_nuxt/BeK22P4D2.js                                   14.33 kB │ gzip:   5.82 kB
node_modules/.cache/nuxt/.nuxt/dist/client/_nuxt/GpNaP2DX.js                                    14.39 kB │ gzip:   5.66 kB
node_modules/.cache/nuxt/.nuxt/dist/client/_nuxt/DkN7NuY5.js                                    14.54 kB │ gzip:   5.26 kB
node_modules/.cache/nuxt/.nuxt/dist/client/_nuxt/CBTiPGhF2.js                                   14.79 kB │ gzip:   5.15 kB
node_modules/.cache/nuxt/.nuxt/dist/client/_nuxt/M_FjBXHS.js                                    14.93 kB │ gzip:   3.89 kB
node_modules/.cache/nuxt/.nuxt/dist/client/_nuxt/DIKpw06V2.js                                   15.09 kB │ gzip:   6.05 kB
node_modules/.cache/nuxt/.nuxt/dist/client/_nuxt/DaazEhIH2.js                                   15.15 kB │ gzip:   5.32 kB
node_modules/.cache/nuxt/.nuxt/dist/client/_nuxt/D3hlyOfw.js                                    15.34 kB │ gzip:   4.73 kB
node_modules/.cache/nuxt/.nuxt/dist/client/_nuxt/ashfNk3G2.js                                   15.45 kB │ gzip:   7.54 kB
node_modules/.cache/nuxt/.nuxt/dist/client/_nuxt/izrsgVFs2.js                                   15.58 kB │ gzip:   5.59 kB
node_modules/.cache/nuxt/.nuxt/dist/client/_nuxt/DkkFcCqj2.js                                   15.80 kB │ gzip:   5.58 kB
node_modules/.cache/nuxt/.nuxt/dist/client/_nuxt/DsTAGvU22.js                                   15.93 kB │ gzip:   4.18 kB
node_modules/.cache/nuxt/.nuxt/dist/client/_nuxt/Btjt7AV42.js                                   15.94 kB │ gzip:   5.57 kB
node_modules/.cache/nuxt/.nuxt/dist/client/_nuxt/BEEn4gHE2.js                                   15.99 kB │ gzip:   4.39 kB
node_modules/.cache/nuxt/.nuxt/dist/client/_nuxt/CzNjH7Yf2.js                                   16.30 kB │ gzip:   4.73 kB
node_modules/.cache/nuxt/.nuxt/dist/client/_nuxt/Bghh6JjH.js                                    16.31 kB │ gzip:   6.20 kB
node_modules/.cache/nuxt/.nuxt/dist/client/_nuxt/DQXDUFCT.js                                    16.43 kB │ gzip:   5.68 kB
node_modules/.cache/nuxt/.nuxt/dist/client/_nuxt/DsXBhlgq.js                                    17.42 kB │ gzip:   6.88 kB
node_modules/.cache/nuxt/.nuxt/dist/client/_nuxt/B7h9U4CP.js                                    18.61 kB │ gzip:   6.00 kB
node_modules/.cache/nuxt/.nuxt/dist/client/_nuxt/DzfjBbUF2.js                                   18.87 kB │ gzip:   6.32 kB
node_modules/.cache/nuxt/.nuxt/dist/client/_nuxt/DjxRBQ82.js                                    19.14 kB │ gzip:   6.44 kB
node_modules/.cache/nuxt/.nuxt/dist/client/_nuxt/De-1D8I5.js                                    19.38 kB │ gzip:   8.03 kB
node_modules/.cache/nuxt/.nuxt/dist/client/_nuxt/CIKushDb.js                                    19.41 kB │ gzip:   7.71 kB
node_modules/.cache/nuxt/.nuxt/dist/client/_nuxt/DToGN75V2.js                                   19.80 kB │ gzip:   5.85 kB
node_modules/.cache/nuxt/.nuxt/dist/client/_nuxt/Cmj9-Oor.js                                    20.03 kB │ gzip:   7.12 kB
node_modules/.cache/nuxt/.nuxt/dist/client/_nuxt/CbZ-aKku.js                                    20.04 kB │ gzip:   6.09 kB
node_modules/.cache/nuxt/.nuxt/dist/client/_nuxt/D0msQxnR2.js                                   20.49 kB │ gzip:   6.85 kB
node_modules/.cache/nuxt/.nuxt/dist/client/_nuxt/konCCEGh2.js                                   20.85 kB │ gzip:   7.76 kB
node_modules/.cache/nuxt/.nuxt/dist/client/_nuxt/D456FvK52.js                                   21.19 kB │ gzip:   9.55 kB
node_modules/.cache/nuxt/.nuxt/dist/client/_nuxt/CafUGI4M.js                                    21.44 kB │ gzip:   7.62 kB
node_modules/.cache/nuxt/.nuxt/dist/client/_nuxt/BGrXA-dK.js                                    21.56 kB │ gzip:   8.71 kB
node_modules/.cache/nuxt/.nuxt/dist/client/_nuxt/GMBV2-wA.js                                    22.32 kB │ gzip:   7.16 kB
node_modules/.cache/nuxt/.nuxt/dist/client/_nuxt/BmU0BriV.js                                    22.48 kB │ gzip:   6.53 kB
node_modules/.cache/nuxt/.nuxt/dist/client/_nuxt/D3830x4P2.js                                   22.50 kB │ gzip:   8.08 kB
node_modules/.cache/nuxt/.nuxt/dist/client/_nuxt/CNhQdZVS2.js                                   22.61 kB │ gzip:   6.17 kB
node_modules/.cache/nuxt/.nuxt/dist/client/_nuxt/pDmROtPf.js                                    22.83 kB │ gzip:   6.86 kB
node_modules/.cache/nuxt/.nuxt/dist/client/_nuxt/B21J18Rf.js                                    25.24 kB │ gzip:   9.98 kB
node_modules/.cache/nuxt/.nuxt/dist/client/_nuxt/D-TfuXKP.js                                    25.35 kB │ gzip:   7.20 kB
node_modules/.cache/nuxt/.nuxt/dist/client/_nuxt/q--Hw6gj.js                                    25.40 kB │ gzip:   9.15 kB
node_modules/.cache/nuxt/.nuxt/dist/client/_nuxt/mMTA7-sO2.js                                   26.07 kB │ gzip:   7.99 kB
node_modules/.cache/nuxt/.nuxt/dist/client/_nuxt/RgfO269B.js                                    26.21 kB │ gzip:   8.06 kB
node_modules/.cache/nuxt/.nuxt/dist/client/_nuxt/DW6xMarU.js                                    26.31 kB │ gzip:   7.07 kB
node_modules/.cache/nuxt/.nuxt/dist/client/_nuxt/DUIBD0Fx.js                                    26.95 kB │ gzip:   9.72 kB
node_modules/.cache/nuxt/.nuxt/dist/client/_nuxt/gd-UXBG4.js                                    27.08 kB │ gzip:   9.26 kB
node_modules/.cache/nuxt/.nuxt/dist/client/_nuxt/FpayqEQi.js                                    27.35 kB │ gzip:   8.75 kB
node_modules/.cache/nuxt/.nuxt/dist/client/_nuxt/b0hyn4d12.js                                   27.66 kB │ gzip:   9.61 kB
node_modules/.cache/nuxt/.nuxt/dist/client/_nuxt/D-x_dT59.js                                    28.20 kB │ gzip:   8.84 kB
node_modules/.cache/nuxt/.nuxt/dist/client/_nuxt/BfEjXqZy2.js                                   29.36 kB │ gzip:  10.58 kB
node_modules/.cache/nuxt/.nuxt/dist/client/_nuxt/-MPq6fBp.js                                    29.50 kB │ gzip:   9.57 kB
node_modules/.cache/nuxt/.nuxt/dist/client/_nuxt/CsLmjdse2.js                                   30.07 kB │ gzip:  10.29 kB
node_modules/.cache/nuxt/.nuxt/dist/client/_nuxt/DyqWEur9.js                                    31.43 kB │ gzip:  10.91 kB
node_modules/.cache/nuxt/.nuxt/dist/client/_nuxt/CeXC-4FR2.js                                   31.43 kB │ gzip:   8.05 kB
node_modules/.cache/nuxt/.nuxt/dist/client/_nuxt/DOGvpKnT.js                                    31.49 kB │ gzip:  10.16 kB
node_modules/.cache/nuxt/.nuxt/dist/client/_nuxt/GL7pkAKu2.js                                   31.96 kB │ gzip:   8.15 kB
node_modules/.cache/nuxt/.nuxt/dist/client/_nuxt/BPSQnCem2.js                                   31.97 kB │ gzip:   9.79 kB
node_modules/.cache/nuxt/.nuxt/dist/client/_nuxt/DB3CdFGN.js                                    33.00 kB │ gzip:  11.29 kB
node_modules/.cache/nuxt/.nuxt/dist/client/_nuxt/BbavjtPu.js                                    33.27 kB │ gzip:  11.66 kB
node_modules/.cache/nuxt/.nuxt/dist/client/_nuxt/CxHwH40N2.js                                   34.27 kB │ gzip:  10.86 kB
node_modules/.cache/nuxt/.nuxt/dist/client/_nuxt/CY80zcXg2.js                                   34.69 kB │ gzip:  10.72 kB
node_modules/.cache/nuxt/.nuxt/dist/client/_nuxt/CE6JEwXt2.js                                   36.09 kB │ gzip:  12.48 kB
node_modules/.cache/nuxt/.nuxt/dist/client/_nuxt/HNAyHGQR.js                                    36.31 kB │ gzip:  13.37 kB
node_modules/.cache/nuxt/.nuxt/dist/client/_nuxt/D83hQ_XX2.js                                   38.40 kB │ gzip:  11.81 kB
node_modules/.cache/nuxt/.nuxt/dist/client/_nuxt/0vyL1taz2.js                                   40.71 kB │ gzip:  11.31 kB
node_modules/.cache/nuxt/.nuxt/dist/client/_nuxt/D9lbEPGH2.js                                   45.70 kB │ gzip:  13.15 kB
node_modules/.cache/nuxt/.nuxt/dist/client/_nuxt/2G8B-3ie.js                                    46.10 kB │ gzip:  17.28 kB
node_modules/.cache/nuxt/.nuxt/dist/client/_nuxt/D0-yqvzO.js                                    47.42 kB │ gzip:  15.94 kB
node_modules/.cache/nuxt/.nuxt/dist/client/_nuxt/DtO0RCCE2.js                                   48.68 kB │ gzip:  15.65 kB
node_modules/.cache/nuxt/.nuxt/dist/client/_nuxt/hTlcDNrz2.js                                   49.67 kB │ gzip:  16.07 kB
node_modules/.cache/nuxt/.nuxt/dist/client/_nuxt/BLsVTDtA2.js                                   51.59 kB │ gzip:  17.38 kB
node_modules/.cache/nuxt/.nuxt/dist/client/_nuxt/Bfx2tIQu.js                                    52.25 kB │ gzip:  32.63 kB
node_modules/.cache/nuxt/.nuxt/dist/client/_nuxt/CuurnZ6T.js                                    53.98 kB │ gzip:  15.07 kB
node_modules/.cache/nuxt/.nuxt/dist/client/_nuxt/YlSsSTd9.js                                    59.46 kB │ gzip:  20.06 kB
node_modules/.cache/nuxt/.nuxt/dist/client/_nuxt/Dzd4gZW4.js                                    61.61 kB │ gzip:  19.40 kB
node_modules/.cache/nuxt/.nuxt/dist/client/_nuxt/XBUwXDwm2.js                                   62.38 kB │ gzip:  18.41 kB
node_modules/.cache/nuxt/.nuxt/dist/client/_nuxt/ByEf7mNc2.js                                   70.79 kB │ gzip:  20.51 kB
node_modules/.cache/nuxt/.nuxt/dist/client/_nuxt/CYYcic65.js                                    80.01 kB │ gzip:  28.23 kB
node_modules/.cache/nuxt/.nuxt/dist/client/_nuxt/B6KrhyQS2.js                                   80.65 kB │ gzip:  21.00 kB
node_modules/.cache/nuxt/.nuxt/dist/client/_nuxt/DjtiHcya2.js                                   83.16 kB │ gzip:  29.76 kB
node_modules/.cache/nuxt/.nuxt/dist/client/_nuxt/CqqbCqlJ.js                                    84.14 kB │ gzip:  26.46 kB
node_modules/.cache/nuxt/.nuxt/dist/client/_nuxt/D8-8JjkV2.js                                   95.13 kB │ gzip:  32.63 kB
node_modules/.cache/nuxt/.nuxt/dist/client/_nuxt/1n3hae2i.js                                    95.13 kB │ gzip:  28.40 kB
node_modules/.cache/nuxt/.nuxt/dist/client/_nuxt/BWslYr22.js                                    98.72 kB │ gzip:  30.12 kB
node_modules/.cache/nuxt/.nuxt/dist/client/_nuxt/DxluJeBh2.js                                  105.69 kB │ gzip:  30.79 kB
node_modules/.cache/nuxt/.nuxt/dist/client/_nuxt/DruSXqVC2.js                                  108.10 kB │ gzip:  38.45 kB
node_modules/.cache/nuxt/.nuxt/dist/client/_nuxt/COPMj_tv.js                                   111.22 kB │ gzip:  30.07 kB
node_modules/.cache/nuxt/.nuxt/dist/client/_nuxt/Dcac53EY.js                                   116.65 kB │ gzip:  46.03 kB
node_modules/.cache/nuxt/.nuxt/dist/client/_nuxt/7srOJRwC2.js                                  117.79 kB │ gzip:  37.95 kB
node_modules/.cache/nuxt/.nuxt/dist/client/_nuxt/COHLHK5A.js                                   121.95 kB │ gzip:  38.09 kB
node_modules/.cache/nuxt/.nuxt/dist/client/_nuxt/CIb0qsGt2.js                                  126.56 kB │ gzip:  37.12 kB
node_modules/.cache/nuxt/.nuxt/dist/client/_nuxt/DKXdut30.js                                   130.01 kB │ gzip:  41.17 kB
node_modules/.cache/nuxt/.nuxt/dist/client/_nuxt/B871blXB.js                                   148.79 kB │ gzip:  43.37 kB
node_modules/.cache/nuxt/.nuxt/dist/client/_nuxt/IiunpZ9z2.js                                  149.15 kB │ gzip:  46.83 kB
node_modules/.cache/nuxt/.nuxt/dist/client/_nuxt/B8omsOvf2.js                                  155.07 kB │ gzip:  38.29 kB
node_modules/.cache/nuxt/.nuxt/dist/client/_nuxt/U5tXdQ0M.js                                   157.29 kB │ gzip:  48.26 kB
node_modules/.cache/nuxt/.nuxt/dist/client/_nuxt/CD7B1Wa0.js                                   171.62 kB │ gzip:  55.68 kB
node_modules/.cache/nuxt/.nuxt/dist/client/_nuxt/CpYNWBmF.js                                   195.20 kB │ gzip:  63.87 kB
node_modules/.cache/nuxt/.nuxt/dist/client/_nuxt/C7WUiChO2.js                                  251.99 kB │ gzip:  65.28 kB
node_modules/.cache/nuxt/.nuxt/dist/client/_nuxt/Cr4_0Mit.js                                   338.46 kB │ gzip: 121.49 kB
node_modules/.cache/nuxt/.nuxt/dist/client/_nuxt/CAdcO7xA.js                                   343.05 kB │ gzip: 123.80 kB
node_modules/.cache/nuxt/.nuxt/dist/client/_nuxt/BXyqA_vL.js                                   365.02 kB │ gzip: 123.68 kB
node_modules/.cache/nuxt/.nuxt/dist/client/_nuxt/mQ5DCPNY.js                                   367.75 kB │ gzip: 120.12 kB
node_modules/.cache/nuxt/.nuxt/dist/client/_nuxt/rCcCxgZY2.js                                  369.21 kB │ gzip: 120.14 kB
node_modules/.cache/nuxt/.nuxt/dist/client/_nuxt/DtYg59ZR.js                                   370.10 kB │ gzip: 100.84 kB
node_modules/.cache/nuxt/.nuxt/dist/client/_nuxt/D4J4356t.js                                   373.40 kB │ gzip: 121.03 kB
node_modules/.cache/nuxt/.nuxt/dist/client/_nuxt/DrRP__EA.js                                   376.27 kB │ gzip: 116.41 kB
node_modules/.cache/nuxt/.nuxt/dist/client/_nuxt/BrwecCcP2.js                                  376.46 kB │ gzip: 119.36 kB
node_modules/.cache/nuxt/.nuxt/dist/client/_nuxt/DPO3BCMD.js                                   377.84 kB │ gzip: 125.68 kB
node_modules/.cache/nuxt/.nuxt/dist/client/_nuxt/FgD0P3U_.js                                   378.96 kB │ gzip: 125.64 kB
node_modules/.cache/nuxt/.nuxt/dist/client/_nuxt/CNMUyFJ7.js                                   380.84 kB │ gzip: 128.54 kB
node_modules/.cache/nuxt/.nuxt/dist/client/_nuxt/CnJIjeor.js                                   382.89 kB │ gzip: 123.03 kB
node_modules/.cache/nuxt/.nuxt/dist/client/_nuxt/DdOU9OFJ2.js                                  386.00 kB │ gzip: 126.56 kB
node_modules/.cache/nuxt/.nuxt/dist/client/_nuxt/Dy44nV3I2.js                                  387.60 kB │ gzip: 128.92 kB
node_modules/.cache/nuxt/.nuxt/dist/client/_nuxt/5r7cOkbO.js                                   387.95 kB │ gzip: 128.58 kB
node_modules/.cache/nuxt/.nuxt/dist/client/_nuxt/D19Uphss2.js                                  388.74 kB │ gzip: 123.72 kB
node_modules/.cache/nuxt/.nuxt/dist/client/_nuxt/C-lgtwVp.js                                   389.56 kB │ gzip: 124.45 kB
node_modules/.cache/nuxt/.nuxt/dist/client/_nuxt/C8TSWbHp.js                                   390.12 kB │ gzip: 123.31 kB
node_modules/.cache/nuxt/.nuxt/dist/client/_nuxt/Dlopj6cs.js                                   390.54 kB │ gzip: 123.49 kB
node_modules/.cache/nuxt/.nuxt/dist/client/_nuxt/t6ChgWsD.js                                   390.97 kB │ gzip: 122.67 kB
node_modules/.cache/nuxt/.nuxt/dist/client/_nuxt/B2X_GFE92.js                                  393.15 kB │ gzip: 123.25 kB
node_modules/.cache/nuxt/.nuxt/dist/client/_nuxt/BiFlmuIO.js                                   397.50 kB │ gzip: 126.51 kB
node_modules/.cache/nuxt/.nuxt/dist/client/_nuxt/BkR0nPYC.js                                   400.71 kB │ gzip: 125.96 kB
node_modules/.cache/nuxt/.nuxt/dist/client/_nuxt/BcmY-3Zc2.js                                  401.67 kB │ gzip: 125.92 kB
node_modules/.cache/nuxt/.nuxt/dist/client/_nuxt/DZQF6MCy.js                                   412.37 kB │ gzip: 132.30 kB
node_modules/.cache/nuxt/.nuxt/dist/client/_nuxt/CNfpZ6af2.js                                  413.82 kB │ gzip: 126.49 kB
node_modules/.cache/nuxt/.nuxt/dist/client/_nuxt/BgGD72Fn.js                                   414.82 kB │ gzip: 124.50 kB
node_modules/.cache/nuxt/.nuxt/dist/client/_nuxt/Cg6jmoWp.js                                   449.59 kB │ gzip: 126.90 kB
node_modules/.cache/nuxt/.nuxt/dist/client/_nuxt/BR7M2XU3.js                                   457.60 kB │ gzip: 130.79 kB
node_modules/.cache/nuxt/.nuxt/dist/client/_nuxt/Lf8IjCy92.js                                  474.19 kB │ gzip: 132.41 kB
node_modules/.cache/nuxt/.nuxt/dist/client/_nuxt/Bbx2dPng2.js                                  480.25 kB │ gzip: 133.57 kB
node_modules/.cache/nuxt/.nuxt/dist/client/_nuxt/DIsuR-7N.js                                   483.42 kB │ gzip: 162.15 kB
node_modules/.cache/nuxt/.nuxt/dist/client/_nuxt/C7DYUNis.js                                   546.09 kB │ gzip: 145.95 kB
node_modules/.cache/nuxt/.nuxt/dist/client/_nuxt/DwklCqUo.js                                   561.64 kB │ gzip: 146.72 kB
node_modules/.cache/nuxt/.nuxt/dist/client/_nuxt/D6vGFhYY2.js                                  580.18 kB │ gzip: 175.62 kB
node_modules/.cache/nuxt/.nuxt/dist/client/_nuxt/DB_vzUhC.js                                   587.86 kB │ gzip: 178.41 kB
node_modules/.cache/nuxt/.nuxt/dist/client/_nuxt/BkGgtS5I.js                                   591.43 kB │ gzip: 135.69 kB
node_modules/.cache/nuxt/.nuxt/dist/client/_nuxt/B9VLDI-p.js                                   634.69 kB │ gzip: 140.63 kB
node_modules/.cache/nuxt/.nuxt/dist/client/_nuxt/CHfsp_x3.js                                   638.57 kB │ gzip: 138.81 kB
node_modules/.cache/nuxt/.nuxt/dist/client/_nuxt/Bkik1d3w.js                                   659.74 kB │ gzip: 144.65 kB
node_modules/.cache/nuxt/.nuxt/dist/client/_nuxt/hOKcNBg72.js                                  681.37 kB │ gzip: 143.36 kB
node_modules/.cache/nuxt/.nuxt/dist/client/_nuxt/Colh1Ph1.js                                   691.81 kB │ gzip: 146.23 kB
node_modules/.cache/nuxt/.nuxt/dist/client/_nuxt/C2rFIXiF.js                                   704.37 kB │ gzip: 149.51 kB
node_modules/.cache/nuxt/.nuxt/dist/client/_nuxt/vbNcJ_m42.js                                  812.23 kB │ gzip: 114.54 kB
node_modules/.cache/nuxt/.nuxt/dist/client/_nuxt/BTztSRvp.js                                   851.02 kB │ gzip: 221.13 kB
node_modules/.cache/nuxt/.nuxt/dist/client/_nuxt/ChuiQngd2.js                                  977.97 kB │ gzip: 243.08 kB
node_modules/.cache/nuxt/.nuxt/dist/client/_nuxt/CD1fk4dj.js                                 1,205.03 kB │ gzip: 387.56 kB
node_modules/.cache/nuxt/.nuxt/dist/client/_nuxt/CNVUXNnr2.js                                1,472.27 kB │ gzip: 396.76 kB
node_modules/.cache/nuxt/.nuxt/dist/client/_nuxt/BaUGTK5U2.js                                2,291.70 kB │ gzip: 588.73 kB


 WARN  [33m[INEFFECTIVE_DYNAMIC_IMPORT] [0mcomponents/smartsheet/toolbar/ColumnFilter.vue is dynamically imported by components/smartsheet/column/LinkedToAnotherRecordOptions.vue?vue&type=script&setup=true&lang.ts, components/smartsheet/column/LookupOptions.vue?vue&type=script&setup=true&lang.ts, components/smartsheet/column/RollupOptions.vue?vue&type=script&setup=true&lang.ts, components/smartsheet/toolbar/ColumnFilter.vue?vue&type=script&setup=true&lang.ts, components/webhook/WebhookV2.vue?vue&type=script&setup=true&lang.ts, ... but also statically imported by components/smartsheet/column/ButtonOptions/index.vue?vue&type=script&setup=true&lang.ts, components/smartsheet/form/field-settings/visibility.vue?vue&type=script&setup=true&lang.ts, components/smartsheet/toolbar/ColumnFilterMenu.vue?vue&type=script&setup=true&lang.ts, dynamic import will not move module into another chunk.



 WARN  [plugin builtin:vite-reporter] 
(!) Some chunks are larger than 500 kB after minification. Consider:
- Using dynamic import() to code-split the application
- Use build.rolldownOptions.output.codeSplitting to improve chunking: https://rolldown.rs/reference/OutputOptions.codeSplitting
- Adjust chunk size limit for this warning via build.chunkSizeWarningLimit.


 WARN  [33m[INEFFECTIVE_DYNAMIC_IMPORT] [0mcomponents/smartsheet/VirtualCell.vue is dynamically imported by components/nc/List/RecordItem.vue?vue&type=script&setup=true&lang.ts, components/smartsheet/Gallery.vue?vue&type=script&setup=true&lang.ts, components/smartsheet/KanbanOptimized.vue?vue&type=script&setup=true&lang.ts, components/smartsheet/column/AiButtonOptions.vue?vue&type=script&setup=true&lang.ts, components/smartsheet/expanded-form/presentors/Fields/ColumnList.vue?vue&type=script&setup=true&lang.ts, ... but also statically imported by components/smartsheet/grid/canvas/index.vue?vue&type=script&setup=true&lang.ts, dynamic import will not move module into another chunk.


ℹ ✓ built in 30.41s

 WARN  [33m[PLUGIN_TIMINGS] [0mYour build spent 93% of 30.4s inside plugin hooks (28.2s).
Measured inside the callback, so queue time is excluded and time the callback itself awaited is not:
  - nuxt:imports-transform transform (10%, 3.1s, 9644 calls)
  - vite:vue transform (10%, 3.0s, 2157 calls)
  - unocss:global:build:generate renderChunk (8%, 2.4s, 621 calls)
  - unocss:transformers:default transform (5%, 1.5s, 9644 calls)
  - impound:trace transform (5%, 1.5s, 9591 calls)
  - nuxt:import-protection:impound:trace transform (5%, 1.4s, 9591 calls)
  - unocss:global:build:scan transform (4%, 1.3s, 9644 calls)
Those rows are 47% of the build; the rest of the 93% is below.
Not measurable — 5 hooks whose calls overlap, so elapsed time covers work other calls were doing. Profile with node --cpu-prof:
  - unplugin-icons load (9642 calls)
  - nuxt:resolve-bare-imports resolveId (254 calls)
  - vite:css transform (587 calls)
  … and 2 more
See https://rolldown.rs/reference/InputOptions.checks#plugintimings for more details.


✔ Client built in 30516ms
ℹ Building server...
ℹ vite v8.2.1 building ssr environment for production...
[2Ktransforming...✓ 2 modules transformed.
rendering chunks...
ℹ ✓ built in 18ms
✔ Server built in 118ms
[nitro] ℹ Initializing prerenderer

 WARN  "H3Error", "H3Event", "deleteCookie", "getCookie", "sanitizeStatusCode" and "setCookie" are imported from external module "file:///home/ubuntu/boucle-runs/nocodb/install-build/node_modules/.pnpm/h3@1.15.11/node_modules/h3/dist/index.mjs" but never used in "../../node_modules/.pnpm/@nuxt+nitro-server@4.5.2_2fe3f32df8971ff62e34cd39fef9a297/node_modules/@nuxt/nitro-server/dist/h3.mjs".

[nitro] ℹ Prerendering 17 initial routes with crawler
[nitro]   ├─ /account/tokens (70ms)
[nitro]   ├─ /admin (70ms)
[nitro]   ├─ /account (69ms)
[nitro]   ├─ /copy-shared-base (70ms)
[nitro]   ├─ /copy-template (70ms)
[nitro]   ├─ /forgot-password (71ms)
[nitro]   ├─ /leaving (71ms)
[nitro]   ├─ /projects (71ms)
[nitro]   ├─ /signin (71ms)
[nitro]   ├─ / (71ms)
[nitro]   ├─ /200.html (71ms)
[nitro]   ├─ /404.html (71ms)
[nitro]   ├─ /error/404 (70ms)
[nitro]   ├─ /index.html (71ms)
[nitro]   ├─ /oauth/authorize (69ms)
[nitro]   ├─ /projects/list (71ms)
[nitro]   ├─ /account/tokens/new (70ms)
[nitro] ℹ Prerendered 17 routes in 1.896 seconds
[nitro] ✔ Generated public .output/public
[nitro] ✔ You can preview this build using npx serve .output/public
│
▲  HTML content not prerendered because ssr: false was set.
│
●  You can read more in https://nuxt.com/docs/getting-started/deployment#static-hosting.
│
└  ✨ You can now deploy .output/public to any static hosting!
=== container nocodb-install :8082 ===
0e1c1436cb4b3df409a9e34afd03928c778bd0a06561a7a6590e0ea753360cfc
nocodb-install
HTTP 200
=== signup + seed ===
URL après signup: http://localhost:8082/?continueAfterOnboardingFlow=nc
auth-8082.json écrit — cookies: nc_token, cw_conversation, refresh_token, cw_user_ke2YjiPnKw9gnz4PCq4RuQqR
  File "/home/ubuntu/.pyenv/versions/3.12.13/lib/python3.12/json/__init__.py", line 293, in load
    return loads(fp.read(),
           ^^^^^^^^^^^^^^^^
  File "/home/ubuntu/.pyenv/versions/3.12.13/lib/python3.12/json/__init__.py", line 346, in loads
    return _default_decoder.decode(s)
           ^^^^^^^^^^^^^^^^^^^^^^^^^^
  File "/home/ubuntu/.pyenv/versions/3.12.13/lib/python3.12/json/decoder.py", line 338, in decode
    obj, end = self.raw_decode(s, idx=_w(s, 0).end())
               ^^^^^^^^^^^^^^^^^^^^^^^^^^^^^^^^^^^^^^
  File "/home/ubuntu/.pyenv/versions/3.12.13/lib/python3.12/json/decoder.py", line 356, in raw_decode
    raise JSONDecodeError("Expecting value", s, err.value) from None
json.decoder.JSONDecodeError: Expecting value: line 1 column 1 (char 0)
WS=w1w10qcs BID=proj7symfkr7hmo TID=m5al9crwszsy43c
PRI=cbhnd7dh576r5al
views: vwzvm2ez4p7nf4l8:Items:3
form view: vwmyt9c69ve9hl6n
{"id":"vwmyt9c69ve9hl6n","source_id":"bgg50pajugws5bo","base_id":"proj7symfkr7hmo","fk_model_id":"m5al9crwszsy43c","title":"Formulaire Items","type":1,"is_default":null,"show_system_fields":null,"lock_type":"collaborative","uuid":null,"password":null,"show":1,"order":2,"meta":{},"description":null,"
gallery view: vwcslsa7ge5j44gb
kanban view: vwqx3ik3u7ap9asc
share grid: {"id":"vwmyt9c69ve9hl6n","source_id":"bgg50pajugws5bo","base_id":"proj7symfkr7hmo","fk_model_id":"m5al9crwszsy43c","title":"Formulaire Items","type":1,"is_default":null,"show_system_fields":null,"lock_type":"collaborative","uuid":"4843b02d-c713-4b14-aa16-899b9acb2359","password":null,"show":1,"order":2,"meta":{"allowCSVDownload":true},"description":null,"created_by":"usvc7fs6yeggblx6","owned_by":"usvc7fs6yeggblx6","fk_workspace_id":"w1w10qcs","attachment_mode_column_id":null,"expanded_record_mode":"field","fk_custom_url_id":null,"row_coloring_mode":null,"created_at":"2026-10-05 06:55:26+00:00","updated_at":"2026-10-05 06:55:26+00:00","fk_view_section_id":null,"deleted":null,"allow_sync":0}
{"id":"vwcslsa7ge5j44gb","source_id":"bgg50pajugws5bo","base_id":"proj7symfkr7hmo","fk_model_id":"m5al9crwszsy43c","title":"Galerie Items","type":2,"is_default":null,"show_system_fields":null,"lock_type":"collaborative","uuid":"04db53c5-3a77-4e7c-a729-cf9c8dd0cba6","password":null,"show":1,"order":3,"meta":{"allowCSVDownload":true},"description":null,"created_by":"usvc7fs6yeggblx6","owned_by":"usvc7fs6yeggblx6","fk_workspace_id":"w1w10qcs","attachment_mode_column_id":null,"expanded_record_mode":"field","fk_custom_url_id":null,"row_coloring_mode":null,"created_at":"2026-10-05 06:55:26+00:00","updated_at":"2026-10-05 06:55:26+00:00","fk_view_section_id":null,"deleted":null,"allow_sync":0}
GRID_ID=vwmyt9c69ve9hl6n FV_ID=vwcslsa7ge5j44gb
=== rescan auth ===
  - waiting for locator('button:has-text("Share")').first()

[scan] http://localhost:8082/wd10yk1f/pkg7xkxnvm4oc5w/m9aiffs89yv1o74/vwsla3dxylant2l6/items-items [state:fields-dropdown]: locator.click: Timeout 30000ms exceeded.
Call log:
  - waiting for locator('button:has-text("Fields")').first()

[scan] http://localhost:8082/wd10yk1f/pkg7xkxnvm4oc5w/m9aiffs89yv1o74/vwsla3dxylant2l6/items-items/field [state:table-tools-modal]: page.waitForSelector: Timeout 20000ms exceeded.
Call log:
  - waiting for locator('.nc-modal-table-tools') to be visible

[scan] http://localhost:8082/wd10yk1f/pkg7xkxnvm4oc5w [state:create-new-menu]: locator.click: Timeout 30000ms exceeded.
Call log:
  - waiting for locator('[data-testid="nc-home-create-new-btn"]')

[scan] http://localhost:8082/wd10yk1f/pkg7xkxnvm4oc5w/m9aiffs89yv1o74/vwsla3dxylant2l6/items-items [state:user-menu]: locator.click: Timeout 30000ms exceeded.
Call log:
  - waiting for locator('[data-testid="nc-sidebar-userinfo"]')

[scan] http://localhost:8082/wd10yk1f/pkg7xkxnvm4oc5w/m9aiffs89yv1o74/vwsla3dxylant2l6/items-items [state:dark-mode] — ERREUR le document final diffère du document demandé (http://localhost:8082/?continueAfterOnboardingFlow=/wd10yk1f/pkg7xkxnvm4oc5w/m9aiffs89yv1o74/vwsla3dxylant2l6/items-items) — déclarer l'URL réelle de l'état dans STATES
[scan] http://localhost:8082/wd10yk1f/pkg7xkxnvm4oc5w/m9aiffs89yv1o74/vwsla3dxylant2l6/items-items [state:mobile-grid]: page.waitForSelector: Timeout 20000ms exceeded.
Call log:
  - waiting for locator('canvas')


/home/ubuntu/boucle-runs/nocodb/reports/install-build/auth/report.md — 0 règle(s), 0 occurrence(s), 21 erreur(s), 0 incomplet(s)
=== rescan auth (après is_new_user=false) ===
[scan] http://localhost:8082/w1w10qcs/proj7symfkr7hmo/m5al9crwszsy43c/vwmyt9c69ve9hl6n/items-formulaire-items — 0 règle(s) violée(s)
[scan] http://localhost:8082/w1w10qcs/proj7symfkr7hmo?settings=members — 0 règle(s) violée(s), 1 incomplete
[scan] http://localhost:8082/account/ — 0 règle(s) violée(s)
[scan] http://localhost:8082/account/tokens/ — 0 règle(s) violée(s)
[scan] http://localhost:8082/admin/ — 0 règle(s) violée(s)
[scan] http://localhost:8082/admin/?tab=workspaces — 0 règle(s) violée(s), 1 incomplete
[scan] http://localhost:8082/admin/?tab=users-list — 0 règle(s) violée(s), 1 incomplete
[scan] http://localhost:8082/wd10yk1f/pkg7xkxnvm4oc5w/m9aiffs89yv1o74/vwsla3dxylant2l6/items-items [state:share-modal]: locator.click: Timeout 30000ms exceeded.
Call log:
  - waiting for locator('button:has-text("Share")').first()

[scan] http://localhost:8082/wd10yk1f/pkg7xkxnvm4oc5w/m9aiffs89yv1o74/vwsla3dxylant2l6/items-items [state:fields-dropdown]: locator.click: Timeout 30000ms exceeded.
Call log:
  - waiting for locator('button:has-text("Fields")').first()

[scan] http://localhost:8082/wd10yk1f/pkg7xkxnvm4oc5w/m9aiffs89yv1o74/vwsla3dxylant2l6/items-items/field [state:table-tools-modal] — 0 règle(s) violée(s)
[scan] http://localhost:8082/wd10yk1f/pkg7xkxnvm4oc5w [state:create-new-menu]: locator.click: Timeout 30000ms exceeded.
Call log:
  - waiting for locator('[data-testid="nc-home-create-new-btn"]')

[scan] http://localhost:8082/wd10yk1f/pkg7xkxnvm4oc5w/m9aiffs89yv1o74/vwsla3dxylant2l6/items-items [state:user-menu] — 0 règle(s) violée(s), 1 incomplete
[scan] http://localhost:8082/wd10yk1f/pkg7xkxnvm4oc5w/m9aiffs89yv1o74/vwsla3dxylant2l6/items-items [state:dark-mode] — 0 règle(s) violée(s)
[scan] http://localhost:8082/wd10yk1f/pkg7xkxnvm4oc5w/m9aiffs89yv1o74/vwsla3dxylant2l6/items-items [state:mobile-grid] — 0 règle(s) violée(s)

/home/ubuntu/boucle-runs/nocodb/reports/install-build/auth/report.md — 0 règle(s), 0 occurrence(s), 3 erreur(s), 6 incomplet(s)
=== rescan auth (env NC_*) ===
[scan] http://localhost:8082/w1w10qcs — 0 règle(s) violée(s)
[scan] http://localhost:8082/w1w10qcs/settings/members — 0 règle(s) violée(s)
[scan] http://localhost:8082/w1w10qcs/feed — 0 règle(s) violée(s)
[scan] http://localhost:8082/w1w10qcs/proj7symfkr7hmo — 0 règle(s) violée(s)
[scan] http://localhost:8082/w1w10qcs/proj7symfkr7hmo/m5al9crwszsy43c/vwzvm2ez4p7nf4l8/items-items — 0 règle(s) violée(s)
[scan] http://localhost:8082/w1w10qcs/proj7symfkr7hmo/m5al9crwszsy43c/vwcslsa7ge5j44gb/items-galerie-items — 0 règle(s) violée(s)
[scan] http://localhost:8082/w1w10qcs/proj7symfkr7hmo/m5al9crwszsy43c/vwqx3ik3u7ap9asc/items-kanban-items — 0 règle(s) violée(s)
[scan] http://localhost:8082/w1w10qcs/proj7symfkr7hmo/m5al9crwszsy43c/vwmyt9c69ve9hl6n/items-formulaire-items — 0 règle(s) violée(s)
[scan] http://localhost:8082/w1w10qcs/proj7symfkr7hmo?settings=members — 0 règle(s) violée(s), 1 incomplete
[scan] http://localhost:8082/account/ — 0 règle(s) violée(s)
[scan] http://localhost:8082/account/tokens/ — 0 règle(s) violée(s)
[scan] http://localhost:8082/admin/ — 0 règle(s) violée(s)
[scan] http://localhost:8082/admin/?tab=workspaces — 0 règle(s) violée(s), 1 incomplete
[scan] http://localhost:8082/admin/?tab=users-list — 0 règle(s) violée(s), 1 incomplete
[scan] http://localhost:8082/w1w10qcs/proj7symfkr7hmo/m5al9crwszsy43c/vwzvm2ez4p7nf4l8/items-items [state:share-modal] — 0 règle(s) violée(s)
[scan] http://localhost:8082/w1w10qcs/proj7symfkr7hmo/m5al9crwszsy43c/vwzvm2ez4p7nf4l8/items-items [state:fields-dropdown] — 0 règle(s) violée(s)
[scan] http://localhost:8082/w1w10qcs/proj7symfkr7hmo/m5al9crwszsy43c/vwzvm2ez4p7nf4l8/items-items/field [state:table-tools-modal] — 0 règle(s) violée(s)
[scan] http://localhost:8082/w1w10qcs/proj7symfkr7hmo [state:create-new-menu] — 0 règle(s) violée(s), 1 incomplete
[scan] http://localhost:8082/w1w10qcs/proj7symfkr7hmo/m5al9crwszsy43c/vwzvm2ez4p7nf4l8/items-items [state:user-menu] — 0 règle(s) violée(s), 1 incomplete
[scan] http://localhost:8082/w1w10qcs/proj7symfkr7hmo/m5al9crwszsy43c/vwzvm2ez4p7nf4l8/items-items [state:dark-mode] — 0 règle(s) violée(s)
[scan] http://localhost:8082/w1w10qcs/proj7symfkr7hmo/m5al9crwszsy43c/vwzvm2ez4p7nf4l8/items-items [state:mobile-grid] — 0 règle(s) violée(s)

/home/ubuntu/boucle-runs/nocodb/reports/install-build/auth/report.md — 0 règle(s), 0 occurrence(s), 0 erreur(s), 7 incomplet(s)
=== rescan public ===
[scan] http://localhost:8082/signin/ — 0 règle(s) violée(s), 1 incomplete
[scan] http://localhost:8082/signup — 0 règle(s) violée(s), 1 incomplete
[scan] http://localhost:8082/forgot-password/ — 0 règle(s) violée(s), 1 incomplete
[scan] http://localhost:8082/nc/view/25713446-6cdf-4a38-83e4-761b3c24dc3d — 0 règle(s) violée(s)
[scan] http://localhost:8082/nc/view/04db53c5-3a77-4e7c-a729-cf9c8dd0cba6 — 0 règle(s) violée(s)
[scan] http://localhost:8082/nc/form/4843b02d-c713-4b14-aa16-899b9acb2359 — 0 règle(s) violée(s)
[scan] http://localhost:8082/nc/form/4843b02d-c713-4b14-aa16-899b9acb2359/survey — ERREUR le document final diffère du document demandé (http://localhost:8082/nc/form/4843b02d-c713-4b14-aa16-899b9acb2359) — déclarer l'URL réelle de l'état dans STATES
[scan] http://localhost:8082/signin/ [state:signin-error] — 0 règle(s) violée(s), 1 incomplete
[scan] http://localhost:8082/signup [state:signup-error] — 0 règle(s) violée(s), 1 incomplete
[scan] http://localhost:8082/nc/form/4843b02d-c713-4b14-aa16-899b9acb2359 [state:shared-form-submitted] — 0 règle(s) violée(s)

/home/ubuntu/boucle-runs/nocodb/reports/install-build/public/report.md — 0 règle(s), 0 occurrence(s), 1 erreur(s), 5 incomplet(s)
=== rescan public (survey_mode) ===
[scan] http://localhost:8082/signin/ — 0 règle(s) violée(s), 1 incomplete
[scan] http://localhost:8082/signup — 0 règle(s) violée(s), 1 incomplete
[scan] http://localhost:8082/forgot-password/ — 0 règle(s) violée(s), 1 incomplete
[scan] http://localhost:8082/nc/view/25713446-6cdf-4a38-83e4-761b3c24dc3d — 0 règle(s) violée(s)
[scan] http://localhost:8082/nc/view/04db53c5-3a77-4e7c-a729-cf9c8dd0cba6 — 0 règle(s) violée(s)
[scan] http://localhost:8082/nc/form/4843b02d-c713-4b14-aa16-899b9acb2359 — 0 règle(s) violée(s)
[scan] http://localhost:8082/nc/form/4843b02d-c713-4b14-aa16-899b9acb2359/survey — ERREUR le document final diffère du document demandé (http://localhost:8082/nc/form/4843b02d-c713-4b14-aa16-899b9acb2359) — déclarer l'URL réelle de l'état dans STATES
[scan] http://localhost:8082/signin/ [state:signin-error] — 0 règle(s) violée(s), 1 incomplete
[scan] http://localhost:8082/signup [state:signup-error] — 0 règle(s) violée(s), 1 incomplete
[scan] http://localhost:8082/nc/form/4843b02d-c713-4b14-aa16-899b9acb2359 [state:shared-form-submitted] — 0 règle(s) violée(s)

/home/ubuntu/boucle-runs/nocodb/reports/install-build/public/report.md — 0 règle(s), 0 occurrence(s), 1 erreur(s), 5 incomplet(s)
=== rescan public (survey ok) ===
    2 × waiting for element to be visible, enabled and editable
      - element is not visible
    - retrying fill action
    - waiting 20ms
    2 × waiting for element to be visible, enabled and editable
      - element is not visible
    - retrying fill action
      - waiting 100ms
    59 × waiting for element to be visible, enabled and editable
       - element is not visible
     - retrying fill action
       - waiting 500ms


/home/ubuntu/boucle-runs/nocodb/reports/install-build/public/report.md — 0 règle(s), 0 occurrence(s), 2 erreur(s), 5 incomplet(s)
=== rescan public (2 formes) ===
[scan] http://localhost:8082/signin/ — 0 règle(s) violée(s), 1 incomplete
[scan] http://localhost:8082/signup — 0 règle(s) violée(s), 1 incomplete
[scan] http://localhost:8082/forgot-password/ — 0 règle(s) violée(s), 1 incomplete
[scan] http://localhost:8082/nc/view/25713446-6cdf-4a38-83e4-761b3c24dc3d — 0 règle(s) violée(s)
[scan] http://localhost:8082/nc/view/04db53c5-3a77-4e7c-a729-cf9c8dd0cba6 — 0 règle(s) violée(s)
[scan] http://localhost:8082/nc/form/4843b02d-c713-4b14-aa16-899b9acb2359 — 0 règle(s) violée(s)
[scan] http://localhost:8082/nc/form/2a4f9b86-cd61-40c2-aeb1-84ab98ffb166/survey — 0 règle(s) violée(s)
[scan] http://localhost:8082/signin/ [state:signin-error] — 0 règle(s) violée(s), 1 incomplete
[scan] http://localhost:8082/signup [state:signup-error] — 0 règle(s) violée(s), 1 incomplete
[scan] http://localhost:8082/nc/form/4843b02d-c713-4b14-aa16-899b9acb2359 [state:shared-form-submitted] — 0 règle(s) violée(s)

/home/ubuntu/boucle-runs/nocodb/reports/install-build/public/report.md — 0 règle(s), 0 occurrence(s), 0 erreur(s), 5 incomplet(s)
