Already up to date
Done in 321ms using pnpm v11.27.0
$ vite build && workbox copyLibraries dist/
easing-gradient: postcss.plugin was deprecated. Migration guide:
https://evilmartians.com/chronicles/postcss-8-plugin-migration
vite v8.3.0 building client environment for production...
transforming...
DEPRECATION WARNING [import]: Sass @import rules are deprecated and will be removed in Dart Sass 3.0.0.

More info and automated migrator: https://sass-lang.com/d/import

  ╷
2 │ @import "/home/ubuntu/boucle-runs/vikunja-clean/frontend/src/styles/common-imports.scss";
  │         ^^^^^^^^^^^^^^^^^^^^^^^^^^^^^^^^^^^^^^^^^^^^^^^^^^^^^^^^^^^^^^^^^^^^^^^^^^^^^^^^
  ╵
    /home/ubuntu/boucle-runs/vikunja-clean/frontend/src/components/misc/Modal.vue 2:9  root stylesheet

DEPRECATION WARNING [import]: Sass @import rules are deprecated and will be removed in Dart Sass 3.0.0.

More info and automated migrator: https://sass-lang.com/d/import

  ╷
2 │ @import "/home/ubuntu/boucle-runs/vikunja-clean/frontend/src/styles/common-imports.scss";
  │         ^^^^^^^^^^^^^^^^^^^^^^^^^^^^^^^^^^^^^^^^^^^^^^^^^^^^^^^^^^^^^^^^^^^^^^^^^^^^^^^^
  ╵
    /home/ubuntu/boucle-runs/vikunja-clean/frontend/src/components/misc/Card.vue 2:9  root stylesheet

DEPRECATION WARNING [import]: Sass @import rules are deprecated and will be removed in Dart Sass 3.0.0.

More info and automated migrator: https://sass-lang.com/d/import

  ╷
2 │ @import "/home/ubuntu/boucle-runs/vikunja-clean/frontend/src/styles/common-imports.scss";
  │         ^^^^^^^^^^^^^^^^^^^^^^^^^^^^^^^^^^^^^^^^^^^^^^^^^^^^^^^^^^^^^^^^^^^^^^^^^^^^^^^^
  ╵
    /home/ubuntu/boucle-runs/vikunja-clean/frontend/src/components/input/Button.vue 2:9  root stylesheet

DEPRECATION WARNING [import]: Sass @import rules are deprecated and will be removed in Dart Sass 3.0.0.

More info and automated migrator: https://sass-lang.com/d/import

  ╷
2 │ @import "/home/ubuntu/boucle-runs/vikunja-clean/frontend/src/styles/common-imports.scss";
  │         ^^^^^^^^^^^^^^^^^^^^^^^^^^^^^^^^^^^^^^^^^^^^^^^^^^^^^^^^^^^^^^^^^^^^^^^^^^^^^^^^
  ╵
    /home/ubuntu/boucle-runs/vikunja-clean/frontend/src/components/misc/Modal.vue 2:9  root stylesheet

DEPRECATION WARNING [import]: Sass @import rules are deprecated and will be removed in Dart Sass 3.0.0.

More info and automated migrator: https://sass-lang.com/d/import

  ╷
2 │ @import "/home/ubuntu/boucle-runs/vikunja-clean/frontend/src/styles/common-imports.scss";
  │         ^^^^^^^^^^^^^^^^^^^^^^^^^^^^^^^^^^^^^^^^^^^^^^^^^^^^^^^^^^^^^^^^^^^^^^^^^^^^^^^^
  ╵
    /home/ubuntu/boucle-runs/vikunja-clean/frontend/src/views/user/settings/DataExport.vue 2:9  root stylesheet

DEPRECATION WARNING [import]: Sass @import rules are deprecated and will be removed in Dart Sass 3.0.0.

More info and automated migrator: https://sass-lang.com/d/import

  ╷
2 │ @import "/home/ubuntu/boucle-runs/vikunja-clean/frontend/src/styles/common-imports.scss";
  │         ^^^^^^^^^^^^^^^^^^^^^^^^^^^^^^^^^^^^^^^^^^^^^^^^^^^^^^^^^^^^^^^^^^^^^^^^^^^^^^^^
  ╵
    /home/ubuntu/boucle-runs/vikunja-clean/frontend/src/views/teams/EditTeam.vue 2:9  root stylesheet

DEPRECATION WARNING [import]: Sass @import rules are deprecated and will be removed in Dart Sass 3.0.0.

More info and automated migrator: https://sass-lang.com/d/import

  ╷
2 │ @import "/home/ubuntu/boucle-runs/vikunja-clean/frontend/src/styles/common-imports.scss";
  │         ^^^^^^^^^^^^^^^^^^^^^^^^^^^^^^^^^^^^^^^^^^^^^^^^^^^^^^^^^^^^^^^^^^^^^^^^^^^^^^^^
  ╵
    /home/ubuntu/boucle-runs/vikunja-clean/frontend/src/views/user/settings/Mcp.vue 2:9  root stylesheet

DEPRECATION WARNING [import]: Sass @import rules are deprecated and will be removed in Dart Sass 3.0.0.

More info and automated migrator: https://sass-lang.com/d/import

  ╷
2 │ @import "/home/ubuntu/boucle-runs/vikunja-clean/frontend/src/styles/common-imports.scss";
  │         ^^^^^^^^^^^^^^^^^^^^^^^^^^^^^^^^^^^^^^^^^^^^^^^^^^^^^^^^^^^^^^^^^^^^^^^^^^^^^^^^
  ╵
    /home/ubuntu/boucle-runs/vikunja-clean/frontend/src/views/migrate/MigrationHandler.vue 2:9  root stylesheet

DEPRECATION WARNING [import]: Sass @import rules are deprecated and will be removed in Dart Sass 3.0.0.

More info and automated migrator: https://sass-lang.com/d/import

  ╷
2 │ @import "/home/ubuntu/boucle-runs/vikunja-clean/frontend/src/styles/common-imports.scss";
  │         ^^^^^^^^^^^^^^^^^^^^^^^^^^^^^^^^^^^^^^^^^^^^^^^^^^^^^^^^^^^^^^^^^^^^^^^^^^^^^^^^
  ╵
    /home/ubuntu/boucle-runs/vikunja-clean/frontend/src/views/tasks/ShowTasks.vue 2:9  root stylesheet

DEPRECATION WARNING [import]: Sass @import rules are deprecated and will be removed in Dart Sass 3.0.0.

More info and automated migrator: https://sass-lang.com/d/import

  ╷
2 │ @import "/home/ubuntu/boucle-runs/vikunja-clean/frontend/src/styles/common-imports.scss";
  │         ^^^^^^^^^^^^^^^^^^^^^^^^^^^^^^^^^^^^^^^^^^^^^^^^^^^^^^^^^^^^^^^^^^^^^^^^^^^^^^^^
  ╵
    /home/ubuntu/boucle-runs/vikunja-clean/frontend/src/views/user/Login.vue 2:9  root stylesheet

DEPRECATION WARNING [import]: Sass @import rules are deprecated and will be removed in Dart Sass 3.0.0.

More info and automated migrator: https://sass-lang.com/d/import

  ╷
2 │ @import "/home/ubuntu/boucle-runs/vikunja-clean/frontend/src/styles/common-imports.scss";
  │         ^^^^^^^^^^^^^^^^^^^^^^^^^^^^^^^^^^^^^^^^^^^^^^^^^^^^^^^^^^^^^^^^^^^^^^^^^^^^^^^^
  ╵
    /home/ubuntu/boucle-runs/vikunja-clean/frontend/src/views/project/ListProjects.vue 2:9  root stylesheet

DEPRECATION WARNING [import]: Sass @import rules are deprecated and will be removed in Dart Sass 3.0.0.

More info and automated migrator: https://sass-lang.com/d/import

  ╷
2 │ @import "/home/ubuntu/boucle-runs/vikunja-clean/frontend/src/styles/common-imports.scss";
  │         ^^^^^^^^^^^^^^^^^^^^^^^^^^^^^^^^^^^^^^^^^^^^^^^^^^^^^^^^^^^^^^^^^^^^^^^^^^^^^^^^
  ╵
    /home/ubuntu/boucle-runs/vikunja-clean/frontend/src/views/Home.vue 2:9  root stylesheet

DEPRECATION WARNING [import]: Sass @import rules are deprecated and will be removed in Dart Sass 3.0.0.

More info and automated migrator: https://sass-lang.com/d/import

  ╷
2 │ @import "/home/ubuntu/boucle-runs/vikunja-clean/frontend/src/styles/common-imports.scss";
  │         ^^^^^^^^^^^^^^^^^^^^^^^^^^^^^^^^^^^^^^^^^^^^^^^^^^^^^^^^^^^^^^^^^^^^^^^^^^^^^^^^
  ╵
    /home/ubuntu/boucle-runs/vikunja-clean/frontend/src/views/time-tracking/TimeTracking.vue 2:9  root stylesheet

DEPRECATION WARNING [import]: Sass @import rules are deprecated and will be removed in Dart Sass 3.0.0.

More info and automated migrator: https://sass-lang.com/d/import

  ╷
2 │ @import "/home/ubuntu/boucle-runs/vikunja-clean/frontend/src/styles/common-imports.scss";
  │         ^^^^^^^^^^^^^^^^^^^^^^^^^^^^^^^^^^^^^^^^^^^^^^^^^^^^^^^^^^^^^^^^^^^^^^^^^^^^^^^^
  ╵
    /home/ubuntu/boucle-runs/vikunja-clean/frontend/src/views/user/settings/BotUsers.vue 2:9  root stylesheet

DEPRECATION WARNING [import]: Sass @import rules are deprecated and will be removed in Dart Sass 3.0.0.

More info and automated migrator: https://sass-lang.com/d/import

  ╷
2 │ @import "/home/ubuntu/boucle-runs/vikunja-clean/frontend/src/styles/common-imports.scss";
  │         ^^^^^^^^^^^^^^^^^^^^^^^^^^^^^^^^^^^^^^^^^^^^^^^^^^^^^^^^^^^^^^^^^^^^^^^^^^^^^^^^
  ╵
    /home/ubuntu/boucle-runs/vikunja-clean/frontend/src/views/migrate/MigrationCSV.vue 2:9  root stylesheet

DEPRECATION WARNING [import]: Sass @import rules are deprecated and will be removed in Dart Sass 3.0.0.

More info and automated migrator: https://sass-lang.com/d/import

   ╷
16 │ @import "bulma-css-variables/sass/utilities/_all";
   │         ^^^^^^^^^^^^^^^^^^^^^^^^^^^^^^^^^^^^^^^^^
   ╵
    /home/ubuntu/boucle-runs/vikunja-clean/frontend/src/styles/common-imports.scss 16:9  @import
    /home/ubuntu/boucle-runs/vikunja-clean/frontend/src/components/misc/Modal.vue 2:9    root stylesheet

DEPRECATION WARNING [import]: Sass @import rules are deprecated and will be removed in Dart Sass 3.0.0.

More info and automated migrator: https://sass-lang.com/d/import

   ╷
16 │ @import "bulma-css-variables/sass/utilities/_all";
   │         ^^^^^^^^^^^^^^^^^^^^^^^^^^^^^^^^^^^^^^^^^
   ╵
    /home/ubuntu/boucle-runs/vikunja-clean/frontend/src/styles/common-imports.scss 16:9  @import
    /home/ubuntu/boucle-runs/vikunja-clean/frontend/src/components/misc/Modal.vue 2:9    root stylesheet

DEPRECATION WARNING [import]: Sass @import rules are deprecated and will be removed in Dart Sass 3.0.0.

More info and automated migrator: https://sass-lang.com/d/import

   ╷
16 │ @import "bulma-css-variables/sass/utilities/_all";
   │         ^^^^^^^^^^^^^^^^^^^^^^^^^^^^^^^^^^^^^^^^^
   ╵
    /home/ubuntu/boucle-runs/vikunja-clean/frontend/src/styles/common-imports.scss 16:9  @import
    /home/ubuntu/boucle-runs/vikunja-clean/frontend/src/components/misc/Card.vue 2:9     root stylesheet

DEPRECATION WARNING [import]: Sass @import rules are deprecated and will be removed in Dart Sass 3.0.0.

More info and automated migrator: https://sass-lang.com/d/import

   ╷
16 │ @import "bulma-css-variables/sass/utilities/_all";
   │         ^^^^^^^^^^^^^^^^^^^^^^^^^^^^^^^^^^^^^^^^^
   ╵
    /home/ubuntu/boucle-runs/vikunja-clean/frontend/src/styles/common-imports.scss 16:9  @import
    /home/ubuntu/boucle-runs/vikunja-clean/frontend/src/components/input/Button.vue 2:9  root stylesheet

DEPRECATION WARNING [import]: Sass @import rules are deprecated and will be removed in Dart Sass 3.0.0.

More info and automated migrator: https://sass-lang.com/d/import

   ╷
16 │ @import "bulma-css-variables/sass/utilities/_all";
   │         ^^^^^^^^^^^^^^^^^^^^^^^^^^^^^^^^^^^^^^^^^
   ╵
    /home/ubuntu/boucle-runs/vikunja-clean/frontend/src/styles/common-imports.scss 16:9  @import
    /home/ubuntu/boucle-runs/vikunja-clean/frontend/src/views/user/settings/Mcp.vue 2:9  root stylesheet

DEPRECATION WARNING [import]: Sass @import rules are deprecated and will be removed in Dart Sass 3.0.0.

More info and automated migrator: https://sass-lang.com/d/import

   ╷
16 │ @import "bulma-css-variables/sass/utilities/_all";
   │         ^^^^^^^^^^^^^^^^^^^^^^^^^^^^^^^^^^^^^^^^^
   ╵
    /home/ubuntu/boucle-runs/vikunja-clean/frontend/src/styles/common-imports.scss 16:9  @import
    /home/ubuntu/boucle-runs/vikunja-clean/frontend/src/views/tasks/ShowTasks.vue 2:9    root stylesheet

DEPRECATION WARNING [import]: Sass @import rules are deprecated and will be removed in Dart Sass 3.0.0.

More info and automated migrator: https://sass-lang.com/d/import

   ╷
16 │ @import "bulma-css-variables/sass/utilities/_all";
   │         ^^^^^^^^^^^^^^^^^^^^^^^^^^^^^^^^^^^^^^^^^
   ╵
    /home/ubuntu/boucle-runs/vikunja-clean/frontend/src/styles/common-imports.scss 16:9  @import
    /home/ubuntu/boucle-runs/vikunja-clean/frontend/src/views/teams/EditTeam.vue 2:9     root stylesheet

DEPRECATION WARNING [import]: Sass @import rules are deprecated and will be removed in Dart Sass 3.0.0.

More info and automated migrator: https://sass-lang.com/d/import

   ╷
16 │ @import "bulma-css-variables/sass/utilities/_all";
   │         ^^^^^^^^^^^^^^^^^^^^^^^^^^^^^^^^^^^^^^^^^
   ╵
    /home/ubuntu/boucle-runs/vikunja-clean/frontend/src/styles/common-imports.scss 16:9         @import
    /home/ubuntu/boucle-runs/vikunja-clean/frontend/src/views/migrate/MigrationHandler.vue 2:9  root stylesheet

DEPRECATION WARNING [import]: Sass @import rules are deprecated and will be removed in Dart Sass 3.0.0.

More info and automated migrator: https://sass-lang.com/d/import

   ╷
16 │ @import "bulma-css-variables/sass/utilities/_all";
   │         ^^^^^^^^^^^^^^^^^^^^^^^^^^^^^^^^^^^^^^^^^
   ╵
    /home/ubuntu/boucle-runs/vikunja-clean/frontend/src/styles/common-imports.scss 16:9         @import
    /home/ubuntu/boucle-runs/vikunja-clean/frontend/src/views/user/settings/DataExport.vue 2:9  root stylesheet

DEPRECATION WARNING [import]: Sass @import rules are deprecated and will be removed in Dart Sass 3.0.0.

More info and automated migrator: https://sass-lang.com/d/import

   ╷
16 │ @import "bulma-css-variables/sass/utilities/_all";
   │         ^^^^^^^^^^^^^^^^^^^^^^^^^^^^^^^^^^^^^^^^^
   ╵
    /home/ubuntu/boucle-runs/vikunja-clean/frontend/src/styles/common-imports.scss 16:9       @import
    /home/ubuntu/boucle-runs/vikunja-clean/frontend/src/views/user/settings/BotUsers.vue 2:9  root stylesheet

DEPRECATION WARNING [import]: Sass @import rules are deprecated and will be removed in Dart Sass 3.0.0.

More info and automated migrator: https://sass-lang.com/d/import

   ╷
16 │ @import "bulma-css-variables/sass/utilities/_all";
   │         ^^^^^^^^^^^^^^^^^^^^^^^^^^^^^^^^^^^^^^^^^
   ╵
    /home/ubuntu/boucle-runs/vikunja-clean/frontend/src/styles/common-imports.scss 16:9  @import
    /home/ubuntu/boucle-runs/vikunja-clean/frontend/src/views/Home.vue 2:9               root stylesheet

DEPRECATION WARNING [import]: Sass @import rules are deprecated and will be removed in Dart Sass 3.0.0.

More info and automated migrator: https://sass-lang.com/d/import

   ╷
16 │ @import "bulma-css-variables/sass/utilities/_all";
   │         ^^^^^^^^^^^^^^^^^^^^^^^^^^^^^^^^^^^^^^^^^
   ╵
    /home/ubuntu/boucle-runs/vikunja-clean/frontend/src/styles/common-imports.scss 16:9           @import
    /home/ubuntu/boucle-runs/vikunja-clean/frontend/src/views/time-tracking/TimeTracking.vue 2:9  root stylesheet

DEPRECATION WARNING [import]: Sass @import rules are deprecated and will be removed in Dart Sass 3.0.0.

More info and automated migrator: https://sass-lang.com/d/import

   ╷
16 │ @import "bulma-css-variables/sass/utilities/_all";
   │         ^^^^^^^^^^^^^^^^^^^^^^^^^^^^^^^^^^^^^^^^^
   ╵
    /home/ubuntu/boucle-runs/vikunja-clean/frontend/src/styles/common-imports.scss 16:9  @import
    /home/ubuntu/boucle-runs/vikunja-clean/frontend/src/views/user/Login.vue 2:9         root stylesheet

DEPRECATION WARNING [import]: Sass @import rules are deprecated and will be removed in Dart Sass 3.0.0.

More info and automated migrator: https://sass-lang.com/d/import

   ╷
16 │ @import "bulma-css-variables/sass/utilities/_all";
   │         ^^^^^^^^^^^^^^^^^^^^^^^^^^^^^^^^^^^^^^^^^
   ╵
    /home/ubuntu/boucle-runs/vikunja-clean/frontend/src/styles/common-imports.scss 16:9     @import
    /home/ubuntu/boucle-runs/vikunja-clean/frontend/src/views/project/ListProjects.vue 2:9  root stylesheet

DEPRECATION WARNING [import]: Sass @import rules are deprecated and will be removed in Dart Sass 3.0.0.

More info and automated migrator: https://sass-lang.com/d/import

   ╷
16 │ @import "bulma-css-variables/sass/utilities/_all";
   │         ^^^^^^^^^^^^^^^^^^^^^^^^^^^^^^^^^^^^^^^^^
   ╵
    /home/ubuntu/boucle-runs/vikunja-clean/frontend/src/styles/common-imports.scss 16:9     @import
    /home/ubuntu/boucle-runs/vikunja-clean/frontend/src/views/migrate/MigrationCSV.vue 2:9  root stylesheet

DEPRECATION WARNING [import]: Sass @import rules are deprecated and will be removed in Dart Sass 3.0.0.

More info and automated migrator: https://sass-lang.com/d/import

  ╷
2 │ @import "/home/ubuntu/boucle-runs/vikunja-clean/frontend/src/styles/common-imports.scss";
  │         ^^^^^^^^^^^^^^^^^^^^^^^^^^^^^^^^^^^^^^^^^^^^^^^^^^^^^^^^^^^^^^^^^^^^^^^^^^^^^^^^
  ╵
    /home/ubuntu/boucle-runs/vikunja-clean/frontend/src/views/teams/ListTeams.vue 2:9  root stylesheet

DEPRECATION WARNING [import]: Sass @import rules are deprecated and will be removed in Dart Sass 3.0.0.

More info and automated migrator: https://sass-lang.com/d/import

  ╷
2 │ @import "/home/ubuntu/boucle-runs/vikunja-clean/frontend/src/styles/common-imports.scss";
  │         ^^^^^^^^^^^^^^^^^^^^^^^^^^^^^^^^^^^^^^^^^^^^^^^^^^^^^^^^^^^^^^^^^^^^^^^^^^^^^^^^
  ╵
    /home/ubuntu/boucle-runs/vikunja-clean/frontend/src/views/labels/ListLabels.vue 2:9  root stylesheet

DEPRECATION WARNING [import]: Sass @import rules are deprecated and will be removed in Dart Sass 3.0.0.

More info and automated migrator: https://sass-lang.com/d/import

   ╷
16 │ @import "bulma-css-variables/sass/utilities/_all";
   │         ^^^^^^^^^^^^^^^^^^^^^^^^^^^^^^^^^^^^^^^^^
   ╵
    /home/ubuntu/boucle-runs/vikunja-clean/frontend/src/styles/common-imports.scss 16:9  @import
    /home/ubuntu/boucle-runs/vikunja-clean/frontend/src/views/teams/ListTeams.vue 2:9    root stylesheet

DEPRECATION WARNING [import]: Sass @import rules are deprecated and will be removed in Dart Sass 3.0.0.

More info and automated migrator: https://sass-lang.com/d/import

  ╷
2 │ @import "/home/ubuntu/boucle-runs/vikunja-clean/frontend/src/styles/common-imports.scss";
  │         ^^^^^^^^^^^^^^^^^^^^^^^^^^^^^^^^^^^^^^^^^^^^^^^^^^^^^^^^^^^^^^^^^^^^^^^^^^^^^^^^
  ╵
    /home/ubuntu/boucle-runs/vikunja-clean/frontend/src/views/user/settings/Avatar.vue 2:9  root stylesheet

DEPRECATION WARNING [import]: Sass @import rules are deprecated and will be removed in Dart Sass 3.0.0.

More info and automated migrator: https://sass-lang.com/d/import

   ╷
16 │ @import "bulma-css-variables/sass/utilities/_all";
   │         ^^^^^^^^^^^^^^^^^^^^^^^^^^^^^^^^^^^^^^^^^
   ╵
    /home/ubuntu/boucle-runs/vikunja-clean/frontend/src/styles/common-imports.scss 16:9  @import
    /home/ubuntu/boucle-runs/vikunja-clean/frontend/src/views/labels/ListLabels.vue 2:9  root stylesheet

DEPRECATION WARNING [import]: Sass @import rules are deprecated and will be removed in Dart Sass 3.0.0.

More info and automated migrator: https://sass-lang.com/d/import

   ╷
16 │ @import "bulma-css-variables/sass/utilities/_all";
   │         ^^^^^^^^^^^^^^^^^^^^^^^^^^^^^^^^^^^^^^^^^
   ╵
    /home/ubuntu/boucle-runs/vikunja-clean/frontend/src/styles/common-imports.scss 16:9     @import
    /home/ubuntu/boucle-runs/vikunja-clean/frontend/src/views/user/settings/Avatar.vue 2:9  root stylesheet

DEPRECATION WARNING [import]: Sass @import rules are deprecated and will be removed in Dart Sass 3.0.0.

More info and automated migrator: https://sass-lang.com/d/import

  ╷
2 │ @import "/home/ubuntu/boucle-runs/vikunja-clean/frontend/src/styles/common-imports.scss";
  │         ^^^^^^^^^^^^^^^^^^^^^^^^^^^^^^^^^^^^^^^^^^^^^^^^^^^^^^^^^^^^^^^^^^^^^^^^^^^^^^^^
  ╵
    /home/ubuntu/boucle-runs/vikunja-clean/frontend/src/views/tasks/TaskDetailView.vue 2:9  root stylesheet

DEPRECATION WARNING [import]: Sass @import rules are deprecated and will be removed in Dart Sass 3.0.0.

More info and automated migrator: https://sass-lang.com/d/import

  ╷
2 │ @import "/home/ubuntu/boucle-runs/vikunja-clean/frontend/src/styles/common-imports.scss";
  │         ^^^^^^^^^^^^^^^^^^^^^^^^^^^^^^^^^^^^^^^^^^^^^^^^^^^^^^^^^^^^^^^^^^^^^^^^^^^^^^^^
  ╵
    /home/ubuntu/boucle-runs/vikunja-clean/frontend/src/views/tasks/TaskDetailView.vue 2:9  root stylesheet

DEPRECATION WARNING [import]: Sass @import rules are deprecated and will be removed in Dart Sass 3.0.0.

More info and automated migrator: https://sass-lang.com/d/import

   ╷
16 │ @import "bulma-css-variables/sass/utilities/_all";
   │         ^^^^^^^^^^^^^^^^^^^^^^^^^^^^^^^^^^^^^^^^^
   ╵
    /home/ubuntu/boucle-runs/vikunja-clean/frontend/src/styles/common-imports.scss 16:9     @import
    /home/ubuntu/boucle-runs/vikunja-clean/frontend/src/views/tasks/TaskDetailView.vue 2:9  root stylesheet

DEPRECATION WARNING [import]: Sass @import rules are deprecated and will be removed in Dart Sass 3.0.0.

More info and automated migrator: https://sass-lang.com/d/import

  ╷
2 │ @import "/home/ubuntu/boucle-runs/vikunja-clean/frontend/src/styles/common-imports.scss";
  │         ^^^^^^^^^^^^^^^^^^^^^^^^^^^^^^^^^^^^^^^^^^^^^^^^^^^^^^^^^^^^^^^^^^^^^^^^^^^^^^^^
  ╵
    /home/ubuntu/boucle-runs/vikunja-clean/frontend/src/views/user/settings/Avatar.vue 2:9  root stylesheet

DEPRECATION WARNING [import]: Sass @import rules are deprecated and will be removed in Dart Sass 3.0.0.

More info and automated migrator: https://sass-lang.com/d/import

  ╷
2 │ @import "/home/ubuntu/boucle-runs/vikunja-clean/frontend/src/styles/common-imports.scss";@import "fonts";
  │         ^^^^^^^^^^^^^^^^^^^^^^^^^^^^^^^^^^^^^^^^^^^^^^^^^^^^^^^^^^^^^^^^^^^^^^^^^^^^^^^^
  ╵
    /home/ubuntu/boucle-runs/vikunja-clean/frontend/src/styles/global.scss 2:9  root stylesheet

DEPRECATION WARNING [import]: Sass @import rules are deprecated and will be removed in Dart Sass 3.0.0.

More info and automated migrator: https://sass-lang.com/d/import

  ╷
2 │ @import "/home/ubuntu/boucle-runs/vikunja-clean/frontend/src/styles/common-imports.scss";@import "fonts";
  │                                                                                                  ^^^^^^^
  ╵
    /home/ubuntu/boucle-runs/vikunja-clean/frontend/src/styles/global.scss 2:98  root stylesheet

DEPRECATION WARNING [import]: Sass @import rules are deprecated and will be removed in Dart Sass 3.0.0.

More info and automated migrator: https://sass-lang.com/d/import

  ╷
4 │ @import "transitions";
  │         ^^^^^^^^^^^^^
  ╵
    /home/ubuntu/boucle-runs/vikunja-clean/frontend/src/styles/global.scss 4:9  root stylesheet

DEPRECATION WARNING [import]: Sass @import rules are deprecated and will be removed in Dart Sass 3.0.0.

More info and automated migrator: https://sass-lang.com/d/import

   ╷
15 │ @import "bulma-css-variables/sass/base/minireset";
   │         ^^^^^^^^^^^^^^^^^^^^^^^^^^^^^^^^^^^^^^^^^
   ╵
    /home/ubuntu/boucle-runs/vikunja-clean/frontend/src/styles/global.scss 15:9  root stylesheet

DEPRECATION WARNING [import]: Sass @import rules are deprecated and will be removed in Dart Sass 3.0.0.

More info and automated migrator: https://sass-lang.com/d/import

   ╷
16 │ @import "bulma-css-variables/sass/base/generic";
   │         ^^^^^^^^^^^^^^^^^^^^^^^^^^^^^^^^^^^^^^^
   ╵
    /home/ubuntu/boucle-runs/vikunja-clean/frontend/src/styles/global.scss 16:9  root stylesheet

DEPRECATION WARNING [import]: Sass @import rules are deprecated and will be removed in Dart Sass 3.0.0.

More info and automated migrator: https://sass-lang.com/d/import

   ╷
16 │ @import "bulma-css-variables/sass/utilities/_all";
   │         ^^^^^^^^^^^^^^^^^^^^^^^^^^^^^^^^^^^^^^^^^
   ╵
    /home/ubuntu/boucle-runs/vikunja-clean/frontend/src/styles/common-imports.scss 16:9     @import
    /home/ubuntu/boucle-runs/vikunja-clean/frontend/src/views/tasks/TaskDetailView.vue 2:9  root stylesheet

DEPRECATION WARNING [import]: Sass @import rules are deprecated and will be removed in Dart Sass 3.0.0.

More info and automated migrator: https://sass-lang.com/d/import

  ╷
2 │ @import "/home/ubuntu/boucle-runs/vikunja-clean/frontend/src/styles/common-imports.scss";
  │         ^^^^^^^^^^^^^^^^^^^^^^^^^^^^^^^^^^^^^^^^^^^^^^^^^^^^^^^^^^^^^^^^^^^^^^^^^^^^^^^^
  ╵
    /home/ubuntu/boucle-runs/vikunja-clean/frontend/src/views/migrate/Migration.vue 2:9  root stylesheet

DEPRECATION WARNING [import]: Sass @import rules are deprecated and will be removed in Dart Sass 3.0.0.

More info and automated migrator: https://sass-lang.com/d/import

  ╷
2 │ @import "/home/ubuntu/boucle-runs/vikunja-clean/frontend/src/styles/common-imports.scss";
  │         ^^^^^^^^^^^^^^^^^^^^^^^^^^^^^^^^^^^^^^^^^^^^^^^^^^^^^^^^^^^^^^^^^^^^^^^^^^^^^^^^
  ╵
    /home/ubuntu/boucle-runs/vikunja-clean/frontend/src/views/user/Register.vue 2:9  root stylesheet

DEPRECATION WARNING [import]: Sass @import rules are deprecated and will be removed in Dart Sass 3.0.0.

More info and automated migrator: https://sass-lang.com/d/import

  ╷
2 │ @import "/home/ubuntu/boucle-runs/vikunja-clean/frontend/src/styles/common-imports.scss";
  │         ^^^^^^^^^^^^^^^^^^^^^^^^^^^^^^^^^^^^^^^^^^^^^^^^^^^^^^^^^^^^^^^^^^^^^^^^^^^^^^^^
  ╵
    /home/ubuntu/boucle-runs/vikunja-clean/frontend/src/views/admin/OverviewView.vue 2:9  root stylesheet

DEPRECATION WARNING [import]: Sass @import rules are deprecated and will be removed in Dart Sass 3.0.0.

More info and automated migrator: https://sass-lang.com/d/import

  ╷
2 │ @import "/home/ubuntu/boucle-runs/vikunja-clean/frontend/src/styles/common-imports.scss";
  │         ^^^^^^^^^^^^^^^^^^^^^^^^^^^^^^^^^^^^^^^^^^^^^^^^^^^^^^^^^^^^^^^^^^^^^^^^^^^^^^^^
  ╵
    /home/ubuntu/boucle-runs/vikunja-clean/frontend/src/views/user/settings/ApiTokens.vue 2:9  root stylesheet

DEPRECATION WARNING [import]: Sass @import rules are deprecated and will be removed in Dart Sass 3.0.0.

More info and automated migrator: https://sass-lang.com/d/import

  ╷
2 │ @import "/home/ubuntu/boucle-runs/vikunja-clean/frontend/src/styles/common-imports.scss";
  │         ^^^^^^^^^^^^^^^^^^^^^^^^^^^^^^^^^^^^^^^^^^^^^^^^^^^^^^^^^^^^^^^^^^^^^^^^^^^^^^^^
  ╵
    /home/ubuntu/boucle-runs/vikunja-clean/frontend/src/views/admin/ProjectsView.vue 2:9  root stylesheet

DEPRECATION WARNING [import]: Sass @import rules are deprecated and will be removed in Dart Sass 3.0.0.

More info and automated migrator: https://sass-lang.com/d/import

  ╷
2 │ @import "/home/ubuntu/boucle-runs/vikunja-clean/frontend/src/styles/common-imports.scss";
  │         ^^^^^^^^^^^^^^^^^^^^^^^^^^^^^^^^^^^^^^^^^^^^^^^^^^^^^^^^^^^^^^^^^^^^^^^^^^^^^^^^
  ╵
    /home/ubuntu/boucle-runs/vikunja-clean/frontend/src/views/admin/UsersView.vue 2:9  root stylesheet

DEPRECATION WARNING [import]: Sass @import rules are deprecated and will be removed in Dart Sass 3.0.0.

More info and automated migrator: https://sass-lang.com/d/import

   ╷
16 │ @import "bulma-css-variables/sass/utilities/_all";
   │         ^^^^^^^^^^^^^^^^^^^^^^^^^^^^^^^^^^^^^^^^^
   ╵
    /home/ubuntu/boucle-runs/vikunja-clean/frontend/src/styles/common-imports.scss 16:9     @import
    /home/ubuntu/boucle-runs/vikunja-clean/frontend/src/views/user/settings/Avatar.vue 2:9  root stylesheet

DEPRECATION WARNING [import]: Sass @import rules are deprecated and will be removed in Dart Sass 3.0.0.

More info and automated migrator: https://sass-lang.com/d/import

  ╷
2 │ @import "/home/ubuntu/boucle-runs/vikunja-clean/frontend/src/styles/common-imports.scss";
  │         ^^^^^^^^^^^^^^^^^^^^^^^^^^^^^^^^^^^^^^^^^^^^^^^^^^^^^^^^^^^^^^^^^^^^^^^^^^^^^^^^
  ╵
    /home/ubuntu/boucle-runs/vikunja-clean/frontend/src/views/project/settings/ProjectSettingsBackground.vue 2:9  root stylesheet

DEPRECATION WARNING [import]: Sass @import rules are deprecated and will be removed in Dart Sass 3.0.0.

More info and automated migrator: https://sass-lang.com/d/import

   ╷
16 │ @import "bulma-css-variables/sass/utilities/_all";
   │         ^^^^^^^^^^^^^^^^^^^^^^^^^^^^^^^^^^^^^^^^^
   ╵
    /home/ubuntu/boucle-runs/vikunja-clean/frontend/src/styles/common-imports.scss 16:9  @import
    /home/ubuntu/boucle-runs/vikunja-clean/frontend/src/views/admin/UsersView.vue 2:9    root stylesheet

DEPRECATION WARNING [import]: Sass @import rules are deprecated and will be removed in Dart Sass 3.0.0.

More info and automated migrator: https://sass-lang.com/d/import

   ╷
16 │ @import "bulma-css-variables/sass/utilities/_all";
   │         ^^^^^^^^^^^^^^^^^^^^^^^^^^^^^^^^^^^^^^^^^
   ╵
    /home/ubuntu/boucle-runs/vikunja-clean/frontend/src/styles/common-imports.scss 16:9        @import
    /home/ubuntu/boucle-runs/vikunja-clean/frontend/src/views/user/settings/ApiTokens.vue 2:9  root stylesheet

DEPRECATION WARNING [import]: Sass @import rules are deprecated and will be removed in Dart Sass 3.0.0.

More info and automated migrator: https://sass-lang.com/d/import

   ╷
16 │ @import "bulma-css-variables/sass/utilities/_all";
   │         ^^^^^^^^^^^^^^^^^^^^^^^^^^^^^^^^^^^^^^^^^
   ╵
    /home/ubuntu/boucle-runs/vikunja-clean/frontend/src/styles/common-imports.scss 16:9  @import
    /home/ubuntu/boucle-runs/vikunja-clean/frontend/src/views/migrate/Migration.vue 2:9  root stylesheet

DEPRECATION WARNING [import]: Sass @import rules are deprecated and will be removed in Dart Sass 3.0.0.

More info and automated migrator: https://sass-lang.com/d/import

   ╷
16 │ @import "bulma-css-variables/sass/utilities/_all";
   │         ^^^^^^^^^^^^^^^^^^^^^^^^^^^^^^^^^^^^^^^^^
   ╵
    /home/ubuntu/boucle-runs/vikunja-clean/frontend/src/styles/common-imports.scss 16:9  @import
    /home/ubuntu/boucle-runs/vikunja-clean/frontend/src/views/user/Register.vue 2:9      root stylesheet

DEPRECATION WARNING [import]: Sass @import rules are deprecated and will be removed in Dart Sass 3.0.0.

More info and automated migrator: https://sass-lang.com/d/import

   ╷
16 │ @import "bulma-css-variables/sass/utilities/_all";
   │         ^^^^^^^^^^^^^^^^^^^^^^^^^^^^^^^^^^^^^^^^^
   ╵
    /home/ubuntu/boucle-runs/vikunja-clean/frontend/src/styles/common-imports.scss 16:9   @import
    /home/ubuntu/boucle-runs/vikunja-clean/frontend/src/views/admin/OverviewView.vue 2:9  root stylesheet

DEPRECATION WARNING [import]: Sass @import rules are deprecated and will be removed in Dart Sass 3.0.0.

More info and automated migrator: https://sass-lang.com/d/import

   ╷
16 │ @import "bulma-css-variables/sass/utilities/_all";
   │         ^^^^^^^^^^^^^^^^^^^^^^^^^^^^^^^^^^^^^^^^^
   ╵
    /home/ubuntu/boucle-runs/vikunja-clean/frontend/src/styles/common-imports.scss 16:9   @import
    /home/ubuntu/boucle-runs/vikunja-clean/frontend/src/views/admin/ProjectsView.vue 2:9  root stylesheet

DEPRECATION WARNING [import]: Sass @import rules are deprecated and will be removed in Dart Sass 3.0.0.

More info and automated migrator: https://sass-lang.com/d/import

   ╷
16 │ @import "bulma-css-variables/sass/utilities/_all";
   │         ^^^^^^^^^^^^^^^^^^^^^^^^^^^^^^^^^^^^^^^^^
   ╵
    /home/ubuntu/boucle-runs/vikunja-clean/frontend/src/styles/common-imports.scss 16:9                           @import
    /home/ubuntu/boucle-runs/vikunja-clean/frontend/src/views/project/settings/ProjectSettingsBackground.vue 2:9  root stylesheet

DEPRECATION WARNING [import]: Sass @import rules are deprecated and will be removed in Dart Sass 3.0.0.

More info and automated migrator: https://sass-lang.com/d/import

  ╷
2 │ @import "/home/ubuntu/boucle-runs/vikunja-clean/frontend/src/styles/common-imports.scss";
  │         ^^^^^^^^^^^^^^^^^^^^^^^^^^^^^^^^^^^^^^^^^^^^^^^^^^^^^^^^^^^^^^^^^^^^^^^^^^^^^^^^
  ╵
    /home/ubuntu/boucle-runs/vikunja-clean/frontend/src/components/base/BaseButton.vue 2:9  root stylesheet

DEPRECATION WARNING [import]: Sass @import rules are deprecated and will be removed in Dart Sass 3.0.0.

More info and automated migrator: https://sass-lang.com/d/import

   ╷
16 │ @import "bulma-css-variables/sass/utilities/_all";
   │         ^^^^^^^^^^^^^^^^^^^^^^^^^^^^^^^^^^^^^^^^^
   ╵
    /home/ubuntu/boucle-runs/vikunja-clean/frontend/src/styles/common-imports.scss 16:9     @import
    /home/ubuntu/boucle-runs/vikunja-clean/frontend/src/components/base/BaseButton.vue 2:9  root stylesheet

DEPRECATION WARNING [import]: Sass @import rules are deprecated and will be removed in Dart Sass 3.0.0.

More info and automated migrator: https://sass-lang.com/d/import

  ╷
2 │ @import "/home/ubuntu/boucle-runs/vikunja-clean/frontend/src/styles/common-imports.scss";
  │         ^^^^^^^^^^^^^^^^^^^^^^^^^^^^^^^^^^^^^^^^^^^^^^^^^^^^^^^^^^^^^^^^^^^^^^^^^^^^^^^^
  ╵
    /home/ubuntu/boucle-runs/vikunja-clean/frontend/src/components/project/views/ProjectGantt.vue 2:9  root stylesheet

DEPRECATION WARNING [import]: Sass @import rules are deprecated and will be removed in Dart Sass 3.0.0.

More info and automated migrator: https://sass-lang.com/d/import

  ╷
2 │ @import "/home/ubuntu/boucle-runs/vikunja-clean/frontend/src/styles/common-imports.scss";
  │         ^^^^^^^^^^^^^^^^^^^^^^^^^^^^^^^^^^^^^^^^^^^^^^^^^^^^^^^^^^^^^^^^^^^^^^^^^^^^^^^^
  ╵
    /home/ubuntu/boucle-runs/vikunja-clean/frontend/src/components/misc/WebhookManager.vue 2:9  root stylesheet

DEPRECATION WARNING [import]: Sass @import rules are deprecated and will be removed in Dart Sass 3.0.0.

More info and automated migrator: https://sass-lang.com/d/import

   ╷
16 │ @import "bulma-css-variables/sass/utilities/_all";
   │         ^^^^^^^^^^^^^^^^^^^^^^^^^^^^^^^^^^^^^^^^^
   ╵
    /home/ubuntu/boucle-runs/vikunja-clean/frontend/src/styles/common-imports.scss 16:9                @import
    /home/ubuntu/boucle-runs/vikunja-clean/frontend/src/components/project/views/ProjectGantt.vue 2:9  root stylesheet

DEPRECATION WARNING [import]: Sass @import rules are deprecated and will be removed in Dart Sass 3.0.0.

More info and automated migrator: https://sass-lang.com/d/import

   ╷
16 │ @import "bulma-css-variables/sass/utilities/_all";
   │         ^^^^^^^^^^^^^^^^^^^^^^^^^^^^^^^^^^^^^^^^^
   ╵
    /home/ubuntu/boucle-runs/vikunja-clean/frontend/src/styles/common-imports.scss 16:9         @import
    /home/ubuntu/boucle-runs/vikunja-clean/frontend/src/components/misc/WebhookManager.vue 2:9  root stylesheet

DEPRECATION WARNING [import]: Sass @import rules are deprecated and will be removed in Dart Sass 3.0.0.

More info and automated migrator: https://sass-lang.com/d/import

  ╷
2 │ @import "/home/ubuntu/boucle-runs/vikunja-clean/frontend/src/styles/common-imports.scss";
  │         ^^^^^^^^^^^^^^^^^^^^^^^^^^^^^^^^^^^^^^^^^^^^^^^^^^^^^^^^^^^^^^^^^^^^^^^^^^^^^^^^
  ╵
    /home/ubuntu/boucle-runs/vikunja-clean/frontend/src/components/input/FancyCheckbox.vue 2:9  root stylesheet

DEPRECATION WARNING [import]: Sass @import rules are deprecated and will be removed in Dart Sass 3.0.0.

More info and automated migrator: https://sass-lang.com/d/import

  ╷
2 │ @import "/home/ubuntu/boucle-runs/vikunja-clean/frontend/src/styles/common-imports.scss";
  │         ^^^^^^^^^^^^^^^^^^^^^^^^^^^^^^^^^^^^^^^^^^^^^^^^^^^^^^^^^^^^^^^^^^^^^^^^^^^^^^^^
  ╵
    /home/ubuntu/boucle-runs/vikunja-clean/frontend/src/components/input/FancyCheckbox.vue 2:9  root stylesheet

DEPRECATION WARNING [import]: Sass @import rules are deprecated and will be removed in Dart Sass 3.0.0.

More info and automated migrator: https://sass-lang.com/d/import

   ╷
16 │ @import "bulma-css-variables/sass/utilities/_all";
   │         ^^^^^^^^^^^^^^^^^^^^^^^^^^^^^^^^^^^^^^^^^
   ╵
    /home/ubuntu/boucle-runs/vikunja-clean/frontend/src/styles/common-imports.scss 16:9         @import
    /home/ubuntu/boucle-runs/vikunja-clean/frontend/src/components/input/FancyCheckbox.vue 2:9  root stylesheet

DEPRECATION WARNING [import]: Sass @import rules are deprecated and will be removed in Dart Sass 3.0.0.

More info and automated migrator: https://sass-lang.com/d/import

   ╷
16 │ @import "bulma-css-variables/sass/utilities/_all";
   │         ^^^^^^^^^^^^^^^^^^^^^^^^^^^^^^^^^^^^^^^^^
   ╵
    /home/ubuntu/boucle-runs/vikunja-clean/frontend/src/styles/common-imports.scss 16:9         @import
    /home/ubuntu/boucle-runs/vikunja-clean/frontend/src/components/input/FancyCheckbox.vue 2:9  root stylesheet

DEPRECATION WARNING [import]: Sass @import rules are deprecated and will be removed in Dart Sass 3.0.0.

More info and automated migrator: https://sass-lang.com/d/import

  ╷
2 │ @import "/home/ubuntu/boucle-runs/vikunja-clean/frontend/src/styles/common-imports.scss";
  │         ^^^^^^^^^^^^^^^^^^^^^^^^^^^^^^^^^^^^^^^^^^^^^^^^^^^^^^^^^^^^^^^^^^^^^^^^^^^^^^^^
  ╵
    /home/ubuntu/boucle-runs/vikunja-clean/frontend/src/components/misc/Message.vue 2:9  root stylesheet

DEPRECATION WARNING [import]: Sass @import rules are deprecated and will be removed in Dart Sass 3.0.0.

More info and automated migrator: https://sass-lang.com/d/import

  ╷
2 │ @import "/home/ubuntu/boucle-runs/vikunja-clean/frontend/src/styles/common-imports.scss";
  │         ^^^^^^^^^^^^^^^^^^^^^^^^^^^^^^^^^^^^^^^^^^^^^^^^^^^^^^^^^^^^^^^^^^^^^^^^^^^^^^^^
  ╵
    /home/ubuntu/boucle-runs/vikunja-clean/frontend/src/components/project/views/ProjectTable.vue 2:9  root stylesheet

DEPRECATION WARNING [import]: Sass @import rules are deprecated and will be removed in Dart Sass 3.0.0.

More info and automated migrator: https://sass-lang.com/d/import

  ╷
2 │ @import "/home/ubuntu/boucle-runs/vikunja-clean/frontend/src/styles/common-imports.scss";
  │         ^^^^^^^^^^^^^^^^^^^^^^^^^^^^^^^^^^^^^^^^^^^^^^^^^^^^^^^^^^^^^^^^^^^^^^^^^^^^^^^^
  ╵
    /home/ubuntu/boucle-runs/vikunja-clean/frontend/src/components/project/views/ProjectList.vue 2:9  root stylesheet

DEPRECATION WARNING [import]: Sass @import rules are deprecated and will be removed in Dart Sass 3.0.0.

More info and automated migrator: https://sass-lang.com/d/import

  ╷
2 │ @import "/home/ubuntu/boucle-runs/vikunja-clean/frontend/src/styles/common-imports.scss";
  │         ^^^^^^^^^^^^^^^^^^^^^^^^^^^^^^^^^^^^^^^^^^^^^^^^^^^^^^^^^^^^^^^^^^^^^^^^^^^^^^^^
  ╵
    /home/ubuntu/boucle-runs/vikunja-clean/frontend/src/components/input/FormCheckbox.vue 2:9  root stylesheet

DEPRECATION WARNING [import]: Sass @import rules are deprecated and will be removed in Dart Sass 3.0.0.

More info and automated migrator: https://sass-lang.com/d/import

  ╷
2 │ @import "/home/ubuntu/boucle-runs/vikunja-clean/frontend/src/styles/common-imports.scss";
  │         ^^^^^^^^^^^^^^^^^^^^^^^^^^^^^^^^^^^^^^^^^^^^^^^^^^^^^^^^^^^^^^^^^^^^^^^^^^^^^^^^
  ╵
    /home/ubuntu/boucle-runs/vikunja-clean/frontend/src/components/input/ColorPicker.vue 2:9  root stylesheet

DEPRECATION WARNING [import]: Sass @import rules are deprecated and will be removed in Dart Sass 3.0.0.

More info and automated migrator: https://sass-lang.com/d/import

  ╷
2 │ @import "/home/ubuntu/boucle-runs/vikunja-clean/frontend/src/styles/common-imports.scss";
  │         ^^^^^^^^^^^^^^^^^^^^^^^^^^^^^^^^^^^^^^^^^^^^^^^^^^^^^^^^^^^^^^^^^^^^^^^^^^^^^^^^
  ╵
    /home/ubuntu/boucle-runs/vikunja-clean/frontend/src/components/misc/User.vue 2:9  root stylesheet

DEPRECATION WARNING [import]: Sass @import rules are deprecated and will be removed in Dart Sass 3.0.0.

More info and automated migrator: https://sass-lang.com/d/import

   ╷
16 │ @import "bulma-css-variables/sass/utilities/_all";
   │         ^^^^^^^^^^^^^^^^^^^^^^^^^^^^^^^^^^^^^^^^^
   ╵
    /home/ubuntu/boucle-runs/vikunja-clean/frontend/src/styles/common-imports.scss 16:9               @import
    /home/ubuntu/boucle-runs/vikunja-clean/frontend/src/components/project/views/ProjectList.vue 2:9  root stylesheet

DEPRECATION WARNING [import]: Sass @import rules are deprecated and will be removed in Dart Sass 3.0.0.

More info and automated migrator: https://sass-lang.com/d/import

   ╷
16 │ @import "bulma-css-variables/sass/utilities/_all";
   │         ^^^^^^^^^^^^^^^^^^^^^^^^^^^^^^^^^^^^^^^^^
   ╵
    /home/ubuntu/boucle-runs/vikunja-clean/frontend/src/styles/common-imports.scss 16:9        @import
    /home/ubuntu/boucle-runs/vikunja-clean/frontend/src/components/input/FormCheckbox.vue 2:9  root stylesheet

DEPRECATION WARNING [import]: Sass @import rules are deprecated and will be removed in Dart Sass 3.0.0.

More info and automated migrator: https://sass-lang.com/d/import

   ╷
16 │ @import "bulma-css-variables/sass/utilities/_all";
   │         ^^^^^^^^^^^^^^^^^^^^^^^^^^^^^^^^^^^^^^^^^
   ╵
    /home/ubuntu/boucle-runs/vikunja-clean/frontend/src/styles/common-imports.scss 16:9       @import
    /home/ubuntu/boucle-runs/vikunja-clean/frontend/src/components/input/ColorPicker.vue 2:9  root stylesheet

DEPRECATION WARNING [import]: Sass @import rules are deprecated and will be removed in Dart Sass 3.0.0.

More info and automated migrator: https://sass-lang.com/d/import

   ╷
16 │ @import "bulma-css-variables/sass/utilities/_all";
   │         ^^^^^^^^^^^^^^^^^^^^^^^^^^^^^^^^^^^^^^^^^
   ╵
    /home/ubuntu/boucle-runs/vikunja-clean/frontend/src/styles/common-imports.scss 16:9  @import
    /home/ubuntu/boucle-runs/vikunja-clean/frontend/src/components/misc/Message.vue 2:9  root stylesheet

DEPRECATION WARNING [import]: Sass @import rules are deprecated and will be removed in Dart Sass 3.0.0.

More info and automated migrator: https://sass-lang.com/d/import

   ╷
16 │ @import "bulma-css-variables/sass/utilities/_all";
   │         ^^^^^^^^^^^^^^^^^^^^^^^^^^^^^^^^^^^^^^^^^
   ╵
    /home/ubuntu/boucle-runs/vikunja-clean/frontend/src/styles/common-imports.scss 16:9  @import
    /home/ubuntu/boucle-runs/vikunja-clean/frontend/src/components/misc/User.vue 2:9     root stylesheet

DEPRECATION WARNING [import]: Sass @import rules are deprecated and will be removed in Dart Sass 3.0.0.

More info and automated migrator: https://sass-lang.com/d/import

   ╷
16 │ @import "bulma-css-variables/sass/utilities/_all";
   │         ^^^^^^^^^^^^^^^^^^^^^^^^^^^^^^^^^^^^^^^^^
   ╵
    /home/ubuntu/boucle-runs/vikunja-clean/frontend/src/styles/common-imports.scss 16:9                @import
    /home/ubuntu/boucle-runs/vikunja-clean/frontend/src/components/project/views/ProjectTable.vue 2:9  root stylesheet

DEPRECATION WARNING [import]: Sass @import rules are deprecated and will be removed in Dart Sass 3.0.0.

More info and automated migrator: https://sass-lang.com/d/import

  ╷
2 │ @import "/home/ubuntu/boucle-runs/vikunja-clean/frontend/src/styles/common-imports.scss";
  │         ^^^^^^^^^^^^^^^^^^^^^^^^^^^^^^^^^^^^^^^^^^^^^^^^^^^^^^^^^^^^^^^^^^^^^^^^^^^^^^^^
  ╵
    /home/ubuntu/boucle-runs/vikunja-clean/frontend/src/components/input/FormField.vue 2:9  root stylesheet

DEPRECATION WARNING [import]: Sass @import rules are deprecated and will be removed in Dart Sass 3.0.0.

More info and automated migrator: https://sass-lang.com/d/import

  ╷
2 │ @import "/home/ubuntu/boucle-runs/vikunja-clean/frontend/src/styles/common-imports.scss";
  │         ^^^^^^^^^^^^^^^^^^^^^^^^^^^^^^^^^^^^^^^^^^^^^^^^^^^^^^^^^^^^^^^^^^^^^^^^^^^^^^^^
  ╵
    /home/ubuntu/boucle-runs/vikunja-clean/frontend/src/components/home/AddToHomeScreen.vue 2:9  root stylesheet

DEPRECATION WARNING [import]: Sass @import rules are deprecated and will be removed in Dart Sass 3.0.0.

More info and automated migrator: https://sass-lang.com/d/import

  ╷
2 │ @import "/home/ubuntu/boucle-runs/vikunja-clean/frontend/src/styles/common-imports.scss";
  │         ^^^^^^^^^^^^^^^^^^^^^^^^^^^^^^^^^^^^^^^^^^^^^^^^^^^^^^^^^^^^^^^^^^^^^^^^^^^^^^^^
  ╵
    /home/ubuntu/boucle-runs/vikunja-clean/frontend/src/components/project/views/ProjectKanban.vue 2:9  root stylesheet

DEPRECATION WARNING [import]: Sass @import rules are deprecated and will be removed in Dart Sass 3.0.0.

More info and automated migrator: https://sass-lang.com/d/import

   ╷
16 │ @import "bulma-css-variables/sass/utilities/_all";
   │         ^^^^^^^^^^^^^^^^^^^^^^^^^^^^^^^^^^^^^^^^^
   ╵
    /home/ubuntu/boucle-runs/vikunja-clean/frontend/src/styles/common-imports.scss 16:9     @import
    /home/ubuntu/boucle-runs/vikunja-clean/frontend/src/components/input/FormField.vue 2:9  root stylesheet

DEPRECATION WARNING [import]: Sass @import rules are deprecated and will be removed in Dart Sass 3.0.0.

More info and automated migrator: https://sass-lang.com/d/import

   ╷
16 │ @import "bulma-css-variables/sass/utilities/_all";
   │         ^^^^^^^^^^^^^^^^^^^^^^^^^^^^^^^^^^^^^^^^^
   ╵
    /home/ubuntu/boucle-runs/vikunja-clean/frontend/src/styles/common-imports.scss 16:9          @import
    /home/ubuntu/boucle-runs/vikunja-clean/frontend/src/components/home/AddToHomeScreen.vue 2:9  root stylesheet

DEPRECATION WARNING [import]: Sass @import rules are deprecated and will be removed in Dart Sass 3.0.0.

More info and automated migrator: https://sass-lang.com/d/import

   ╷
16 │ @import "bulma-css-variables/sass/utilities/_all";
   │         ^^^^^^^^^^^^^^^^^^^^^^^^^^^^^^^^^^^^^^^^^
   ╵
    /home/ubuntu/boucle-runs/vikunja-clean/frontend/src/styles/common-imports.scss 16:9                 @import
    /home/ubuntu/boucle-runs/vikunja-clean/frontend/src/components/project/views/ProjectKanban.vue 2:9  root stylesheet

DEPRECATION WARNING [import]: Sass @import rules are deprecated and will be removed in Dart Sass 3.0.0.

More info and automated migrator: https://sass-lang.com/d/import

  ╷
2 │ @import "/home/ubuntu/boucle-runs/vikunja-clean/frontend/src/styles/common-imports.scss";
  │         ^^^^^^^^^^^^^^^^^^^^^^^^^^^^^^^^^^^^^^^^^^^^^^^^^^^^^^^^^^^^^^^^^^^^^^^^^^^^^^^^
  ╵
    /home/ubuntu/boucle-runs/vikunja-clean/frontend/src/components/project/views/ProjectKanban.vue 2:9  root stylesheet

DEPRECATION WARNING [import]: Sass @import rules are deprecated and will be removed in Dart Sass 3.0.0.

More info and automated migrator: https://sass-lang.com/d/import

   ╷
16 │ @import "bulma-css-variables/sass/utilities/_all";
   │         ^^^^^^^^^^^^^^^^^^^^^^^^^^^^^^^^^^^^^^^^^
   ╵
    /home/ubuntu/boucle-runs/vikunja-clean/frontend/src/styles/common-imports.scss 16:9                 @import
    /home/ubuntu/boucle-runs/vikunja-clean/frontend/src/components/project/views/ProjectKanban.vue 2:9  root stylesheet

DEPRECATION WARNING [import]: Sass @import rules are deprecated and will be removed in Dart Sass 3.0.0.

More info and automated migrator: https://sass-lang.com/d/import

  ╷
2 │ @import "/home/ubuntu/boucle-runs/vikunja-clean/frontend/src/styles/common-imports.scss";
  │         ^^^^^^^^^^^^^^^^^^^^^^^^^^^^^^^^^^^^^^^^^^^^^^^^^^^^^^^^^^^^^^^^^^^^^^^^^^^^^^^^
  ╵
    /home/ubuntu/boucle-runs/vikunja-clean/frontend/src/components/home/AppHeader.vue 2:9  root stylesheet

DEPRECATION WARNING [import]: Sass @import rules are deprecated and will be removed in Dart Sass 3.0.0.

More info and automated migrator: https://sass-lang.com/d/import

   ╷
16 │ @import "bulma-css-variables/sass/utilities/_all";
   │         ^^^^^^^^^^^^^^^^^^^^^^^^^^^^^^^^^^^^^^^^^
   ╵
    /home/ubuntu/boucle-runs/vikunja-clean/frontend/src/styles/common-imports.scss 16:9    @import
    /home/ubuntu/boucle-runs/vikunja-clean/frontend/src/components/home/AppHeader.vue 2:9  root stylesheet

DEPRECATION WARNING [import]: Sass @import rules are deprecated and will be removed in Dart Sass 3.0.0.

More info and automated migrator: https://sass-lang.com/d/import

  ╷
2 │ @import "/home/ubuntu/boucle-runs/vikunja-clean/frontend/src/styles/common-imports.scss";
  │         ^^^^^^^^^^^^^^^^^^^^^^^^^^^^^^^^^^^^^^^^^^^^^^^^^^^^^^^^^^^^^^^^^^^^^^^^^^^^^^^^
  ╵
    /home/ubuntu/boucle-runs/vikunja-clean/frontend/src/components/quick-actions/QuickAddOverlay.vue 2:9  root stylesheet

DEPRECATION WARNING [import]: Sass @import rules are deprecated and will be removed in Dart Sass 3.0.0.

More info and automated migrator: https://sass-lang.com/d/import

  ╷
2 │ @import "/home/ubuntu/boucle-runs/vikunja-clean/frontend/src/styles/common-imports.scss";
  │         ^^^^^^^^^^^^^^^^^^^^^^^^^^^^^^^^^^^^^^^^^^^^^^^^^^^^^^^^^^^^^^^^^^^^^^^^^^^^^^^^
  ╵
    /home/ubuntu/boucle-runs/vikunja-clean/frontend/src/components/home/DemoMode.vue 2:9  root stylesheet

DEPRECATION WARNING [import]: Sass @import rules are deprecated and will be removed in Dart Sass 3.0.0.

More info and automated migrator: https://sass-lang.com/d/import

  ╷
2 │ @import "/home/ubuntu/boucle-runs/vikunja-clean/frontend/src/styles/common-imports.scss";
  │         ^^^^^^^^^^^^^^^^^^^^^^^^^^^^^^^^^^^^^^^^^^^^^^^^^^^^^^^^^^^^^^^^^^^^^^^^^^^^^^^^
  ╵
    /home/ubuntu/boucle-runs/vikunja-clean/frontend/src/components/input/Multiselect.vue 2:9  root stylesheet

DEPRECATION WARNING [import]: Sass @import rules are deprecated and will be removed in Dart Sass 3.0.0.

More info and automated migrator: https://sass-lang.com/d/import

   ╷
16 │ @import "bulma-css-variables/sass/utilities/_all";
   │         ^^^^^^^^^^^^^^^^^^^^^^^^^^^^^^^^^^^^^^^^^
   ╵
    /home/ubuntu/boucle-runs/vikunja-clean/frontend/src/styles/common-imports.scss 16:9                   @import
    /home/ubuntu/boucle-runs/vikunja-clean/frontend/src/components/quick-actions/QuickAddOverlay.vue 2:9  root stylesheet

DEPRECATION WARNING [import]: Sass @import rules are deprecated and will be removed in Dart Sass 3.0.0.

More info and automated migrator: https://sass-lang.com/d/import

  ╷
2 │ @import "/home/ubuntu/boucle-runs/vikunja-clean/frontend/src/styles/common-imports.scss";
  │         ^^^^^^^^^^^^^^^^^^^^^^^^^^^^^^^^^^^^^^^^^^^^^^^^^^^^^^^^^^^^^^^^^^^^^^^^^^^^^^^^
  ╵
    /home/ubuntu/boucle-runs/vikunja-clean/frontend/src/components/quick-actions/QuickAddOverlay.vue 2:9  root stylesheet

DEPRECATION WARNING [import]: Sass @import rules are deprecated and will be removed in Dart Sass 3.0.0.

More info and automated migrator: https://sass-lang.com/d/import

   ╷
16 │ @import "bulma-css-variables/sass/utilities/_all";
   │         ^^^^^^^^^^^^^^^^^^^^^^^^^^^^^^^^^^^^^^^^^
   ╵
    /home/ubuntu/boucle-runs/vikunja-clean/frontend/src/styles/common-imports.scss 16:9   @import
    /home/ubuntu/boucle-runs/vikunja-clean/frontend/src/components/home/DemoMode.vue 2:9  root stylesheet

DEPRECATION WARNING [import]: Sass @import rules are deprecated and will be removed in Dart Sass 3.0.0.

More info and automated migrator: https://sass-lang.com/d/import

   ╷
16 │ @import "bulma-css-variables/sass/utilities/_all";
   │         ^^^^^^^^^^^^^^^^^^^^^^^^^^^^^^^^^^^^^^^^^
   ╵
    /home/ubuntu/boucle-runs/vikunja-clean/frontend/src/styles/common-imports.scss 16:9       @import
    /home/ubuntu/boucle-runs/vikunja-clean/frontend/src/components/input/Multiselect.vue 2:9  root stylesheet

DEPRECATION WARNING [import]: Sass @import rules are deprecated and will be removed in Dart Sass 3.0.0.

More info and automated migrator: https://sass-lang.com/d/import

   ╷
16 │ @import "bulma-css-variables/sass/utilities/_all";
   │         ^^^^^^^^^^^^^^^^^^^^^^^^^^^^^^^^^^^^^^^^^
   ╵
    /home/ubuntu/boucle-runs/vikunja-clean/frontend/src/styles/common-imports.scss 16:9                   @import
    /home/ubuntu/boucle-runs/vikunja-clean/frontend/src/components/quick-actions/QuickAddOverlay.vue 2:9  root stylesheet

DEPRECATION WARNING [import]: Sass @import rules are deprecated and will be removed in Dart Sass 3.0.0.

More info and automated migrator: https://sass-lang.com/d/import

  ╷
2 │ @import "/home/ubuntu/boucle-runs/vikunja-clean/frontend/src/styles/common-imports.scss";
  │         ^^^^^^^^^^^^^^^^^^^^^^^^^^^^^^^^^^^^^^^^^^^^^^^^^^^^^^^^^^^^^^^^^^^^^^^^^^^^^^^^
  ╵
    /home/ubuntu/boucle-runs/vikunja-clean/frontend/src/components/misc/SideNavShell.vue 2:9  root stylesheet

DEPRECATION WARNING [import]: Sass @import rules are deprecated and will be removed in Dart Sass 3.0.0.

More info and automated migrator: https://sass-lang.com/d/import

  ╷
2 │ @import "/home/ubuntu/boucle-runs/vikunja-clean/frontend/src/styles/common-imports.scss";
  │         ^^^^^^^^^^^^^^^^^^^^^^^^^^^^^^^^^^^^^^^^^^^^^^^^^^^^^^^^^^^^^^^^^^^^^^^^^^^^^^^^
  ╵
    /home/ubuntu/boucle-runs/vikunja-clean/frontend/src/components/sharing/LinkSharing.vue 2:9  root stylesheet

DEPRECATION WARNING [import]: Sass @import rules are deprecated and will be removed in Dart Sass 3.0.0.

More info and automated migrator: https://sass-lang.com/d/import

  ╷
2 │ @import "/home/ubuntu/boucle-runs/vikunja-clean/frontend/src/styles/common-imports.scss";
  │         ^^^^^^^^^^^^^^^^^^^^^^^^^^^^^^^^^^^^^^^^^^^^^^^^^^^^^^^^^^^^^^^^^^^^^^^^^^^^^^^^
  ╵
    /home/ubuntu/boucle-runs/vikunja-clean/frontend/src/components/home/UpdateNotification.vue 2:9  root stylesheet

DEPRECATION WARNING [import]: Sass @import rules are deprecated and will be removed in Dart Sass 3.0.0.

More info and automated migrator: https://sass-lang.com/d/import

   ╷
16 │ @import "bulma-css-variables/sass/utilities/_all";
   │         ^^^^^^^^^^^^^^^^^^^^^^^^^^^^^^^^^^^^^^^^^
   ╵
    /home/ubuntu/boucle-runs/vikunja-clean/frontend/src/styles/common-imports.scss 16:9         @import
    /home/ubuntu/boucle-runs/vikunja-clean/frontend/src/components/sharing/LinkSharing.vue 2:9  root stylesheet

DEPRECATION WARNING [import]: Sass @import rules are deprecated and will be removed in Dart Sass 3.0.0.

More info and automated migrator: https://sass-lang.com/d/import

  ╷
2 │ @import "/home/ubuntu/boucle-runs/vikunja-clean/frontend/src/styles/common-imports.scss";
  │         ^^^^^^^^^^^^^^^^^^^^^^^^^^^^^^^^^^^^^^^^^^^^^^^^^^^^^^^^^^^^^^^^^^^^^^^^^^^^^^^^
  ╵
    /home/ubuntu/boucle-runs/vikunja-clean/frontend/src/components/misc/Loading.vue 2:9  root stylesheet

DEPRECATION WARNING [import]: Sass @import rules are deprecated and will be removed in Dart Sass 3.0.0.

More info and automated migrator: https://sass-lang.com/d/import

  ╷
2 │ @import "/home/ubuntu/boucle-runs/vikunja-clean/frontend/src/styles/common-imports.scss";
  │         ^^^^^^^^^^^^^^^^^^^^^^^^^^^^^^^^^^^^^^^^^^^^^^^^^^^^^^^^^^^^^^^^^^^^^^^^^^^^^^^^
  ╵
    /home/ubuntu/boucle-runs/vikunja-clean/frontend/src/components/home/ContentLinkShare.vue 2:9  root stylesheet

DEPRECATION WARNING [import]: Sass @import rules are deprecated and will be removed in Dart Sass 3.0.0.

More info and automated migrator: https://sass-lang.com/d/import

  ╷
2 │ @import "/home/ubuntu/boucle-runs/vikunja-clean/frontend/src/styles/common-imports.scss";
  │         ^^^^^^^^^^^^^^^^^^^^^^^^^^^^^^^^^^^^^^^^^^^^^^^^^^^^^^^^^^^^^^^^^^^^^^^^^^^^^^^^
  ╵
    /home/ubuntu/boucle-runs/vikunja-clean/frontend/src/views/user/settings/GeneralSettingsForm.vue 2:9  root stylesheet

DEPRECATION WARNING [import]: Sass @import rules are deprecated and will be removed in Dart Sass 3.0.0.

More info and automated migrator: https://sass-lang.com/d/import

   ╷
16 │ @import "bulma-css-variables/sass/utilities/_all";
   │         ^^^^^^^^^^^^^^^^^^^^^^^^^^^^^^^^^^^^^^^^^
   ╵
    /home/ubuntu/boucle-runs/vikunja-clean/frontend/src/styles/common-imports.scss 16:9       @import
    /home/ubuntu/boucle-runs/vikunja-clean/frontend/src/components/misc/SideNavShell.vue 2:9  root stylesheet

DEPRECATION WARNING [import]: Sass @import rules are deprecated and will be removed in Dart Sass 3.0.0.

More info and automated migrator: https://sass-lang.com/d/import

  ╷
2 │ @import "/home/ubuntu/boucle-runs/vikunja-clean/frontend/src/styles/common-imports.scss";
  │         ^^^^^^^^^^^^^^^^^^^^^^^^^^^^^^^^^^^^^^^^^^^^^^^^^^^^^^^^^^^^^^^^^^^^^^^^^^^^^^^^
  ╵
    /home/ubuntu/boucle-runs/vikunja-clean/frontend/src/components/misc/Ready.vue 2:9  root stylesheet

DEPRECATION WARNING [import]: Sass @import rules are deprecated and will be removed in Dart Sass 3.0.0.

More info and automated migrator: https://sass-lang.com/d/import

   ╷
16 │ @import "bulma-css-variables/sass/utilities/_all";
   │         ^^^^^^^^^^^^^^^^^^^^^^^^^^^^^^^^^^^^^^^^^
   ╵
    /home/ubuntu/boucle-runs/vikunja-clean/frontend/src/styles/common-imports.scss 16:9             @import
    /home/ubuntu/boucle-runs/vikunja-clean/frontend/src/components/home/UpdateNotification.vue 2:9  root stylesheet

DEPRECATION WARNING [import]: Sass @import rules are deprecated and will be removed in Dart Sass 3.0.0.

More info and automated migrator: https://sass-lang.com/d/import

  ╷
2 │ @import "/home/ubuntu/boucle-runs/vikunja-clean/frontend/src/styles/common-imports.scss";
  │         ^^^^^^^^^^^^^^^^^^^^^^^^^^^^^^^^^^^^^^^^^^^^^^^^^^^^^^^^^^^^^^^^^^^^^^^^^^^^^^^^
  ╵
    /home/ubuntu/boucle-runs/vikunja-clean/frontend/src/components/home/ContentAuth.vue 2:9  root stylesheet

DEPRECATION WARNING [import]: Sass @import rules are deprecated and will be removed in Dart Sass 3.0.0.

More info and automated migrator: https://sass-lang.com/d/import

   ╷
16 │ @import "bulma-css-variables/sass/utilities/_all";
   │         ^^^^^^^^^^^^^^^^^^^^^^^^^^^^^^^^^^^^^^^^^
   ╵
    /home/ubuntu/boucle-runs/vikunja-clean/frontend/src/styles/common-imports.scss 16:9           @import
    /home/ubuntu/boucle-runs/vikunja-clean/frontend/src/components/home/ContentLinkShare.vue 2:9  root stylesheet

DEPRECATION WARNING [import]: Sass @import rules are deprecated and will be removed in Dart Sass 3.0.0.

More info and automated migrator: https://sass-lang.com/d/import

   ╷
16 │ @import "bulma-css-variables/sass/utilities/_all";
   │         ^^^^^^^^^^^^^^^^^^^^^^^^^^^^^^^^^^^^^^^^^
   ╵
    /home/ubuntu/boucle-runs/vikunja-clean/frontend/src/styles/common-imports.scss 16:9  @import
    /home/ubuntu/boucle-runs/vikunja-clean/frontend/src/components/misc/Loading.vue 2:9  root stylesheet

DEPRECATION WARNING [import]: Sass @import rules are deprecated and will be removed in Dart Sass 3.0.0.

More info and automated migrator: https://sass-lang.com/d/import

   ╷
16 │ @import "bulma-css-variables/sass/utilities/_all";
   │         ^^^^^^^^^^^^^^^^^^^^^^^^^^^^^^^^^^^^^^^^^
   ╵
    /home/ubuntu/boucle-runs/vikunja-clean/frontend/src/styles/common-imports.scss 16:9                  @import
    /home/ubuntu/boucle-runs/vikunja-clean/frontend/src/views/user/settings/GeneralSettingsForm.vue 2:9  root stylesheet

DEPRECATION WARNING [import]: Sass @import rules are deprecated and will be removed in Dart Sass 3.0.0.

More info and automated migrator: https://sass-lang.com/d/import

   ╷
16 │ @import "bulma-css-variables/sass/utilities/_all";
   │         ^^^^^^^^^^^^^^^^^^^^^^^^^^^^^^^^^^^^^^^^^
   ╵
    /home/ubuntu/boucle-runs/vikunja-clean/frontend/src/styles/common-imports.scss 16:9  @import
    /home/ubuntu/boucle-runs/vikunja-clean/frontend/src/components/misc/Ready.vue 2:9    root stylesheet

DEPRECATION WARNING [import]: Sass @import rules are deprecated and will be removed in Dart Sass 3.0.0.

More info and automated migrator: https://sass-lang.com/d/import

   ╷
16 │ @import "bulma-css-variables/sass/utilities/_all";
   │         ^^^^^^^^^^^^^^^^^^^^^^^^^^^^^^^^^^^^^^^^^
   ╵
    /home/ubuntu/boucle-runs/vikunja-clean/frontend/src/styles/common-imports.scss 16:9      @import
    /home/ubuntu/boucle-runs/vikunja-clean/frontend/src/components/home/ContentAuth.vue 2:9  root stylesheet

DEPRECATION WARNING [import]: Sass @import rules are deprecated and will be removed in Dart Sass 3.0.0.

More info and automated migrator: https://sass-lang.com/d/import

  ╷
2 │ @import "/home/ubuntu/boucle-runs/vikunja-clean/frontend/src/styles/common-imports.scss";
  │         ^^^^^^^^^^^^^^^^^^^^^^^^^^^^^^^^^^^^^^^^^^^^^^^^^^^^^^^^^^^^^^^^^^^^^^^^^^^^^^^^
  ╵
    /home/ubuntu/boucle-runs/vikunja-clean/frontend/src/components/misc/NoAuthWrapper.vue 2:9  root stylesheet

DEPRECATION WARNING [import]: Sass @import rules are deprecated and will be removed in Dart Sass 3.0.0.

More info and automated migrator: https://sass-lang.com/d/import

   ╷
16 │ @import "bulma-css-variables/sass/utilities/_all";
   │         ^^^^^^^^^^^^^^^^^^^^^^^^^^^^^^^^^^^^^^^^^
   ╵
    /home/ubuntu/boucle-runs/vikunja-clean/frontend/src/styles/common-imports.scss 16:9        @import
    /home/ubuntu/boucle-runs/vikunja-clean/frontend/src/components/misc/NoAuthWrapper.vue 2:9  root stylesheet

DEPRECATION WARNING [import]: Sass @import rules are deprecated and will be removed in Dart Sass 3.0.0.

More info and automated migrator: https://sass-lang.com/d/import

  ╷
2 │ @import "/home/ubuntu/boucle-runs/vikunja-clean/frontend/src/styles/common-imports.scss";
  │         ^^^^^^^^^^^^^^^^^^^^^^^^^^^^^^^^^^^^^^^^^^^^^^^^^^^^^^^^^^^^^^^^^^^^^^^^^^^^^^^^
  ╵
    /home/ubuntu/boucle-runs/vikunja-clean/frontend/src/components/input/Datepicker.vue 2:9  root stylesheet

DEPRECATION WARNING [import]: Sass @import rules are deprecated and will be removed in Dart Sass 3.0.0.

More info and automated migrator: https://sass-lang.com/d/import

   ╷
16 │ @import "bulma-css-variables/sass/utilities/_all";
   │         ^^^^^^^^^^^^^^^^^^^^^^^^^^^^^^^^^^^^^^^^^
   ╵
    /home/ubuntu/boucle-runs/vikunja-clean/frontend/src/styles/common-imports.scss 16:9      @import
    /home/ubuntu/boucle-runs/vikunja-clean/frontend/src/components/input/Datepicker.vue 2:9  root stylesheet

DEPRECATION WARNING [import]: Sass @import rules are deprecated and will be removed in Dart Sass 3.0.0.

More info and automated migrator: https://sass-lang.com/d/import

  ╷
2 │ @import "/home/ubuntu/boucle-runs/vikunja-clean/frontend/src/styles/common-imports.scss";
  │         ^^^^^^^^^^^^^^^^^^^^^^^^^^^^^^^^^^^^^^^^^^^^^^^^^^^^^^^^^^^^^^^^^^^^^^^^^^^^^^^^
  ╵
    /home/ubuntu/boucle-runs/vikunja-clean/frontend/src/components/time-tracking/TimeEntryList.vue 2:9  root stylesheet

DEPRECATION WARNING [import]: Sass @import rules are deprecated and will be removed in Dart Sass 3.0.0.

More info and automated migrator: https://sass-lang.com/d/import

  ╷
2 │ @import "/home/ubuntu/boucle-runs/vikunja-clean/frontend/src/styles/common-imports.scss";
  │         ^^^^^^^^^^^^^^^^^^^^^^^^^^^^^^^^^^^^^^^^^^^^^^^^^^^^^^^^^^^^^^^^^^^^^^^^^^^^^^^^
  ╵
    /home/ubuntu/boucle-runs/vikunja-clean/frontend/src/components/tasks/partials/Comments.vue 2:9  root stylesheet

DEPRECATION WARNING [import]: Sass @import rules are deprecated and will be removed in Dart Sass 3.0.0.

More info and automated migrator: https://sass-lang.com/d/import

  ╷
2 │ @import "/home/ubuntu/boucle-runs/vikunja-clean/frontend/src/styles/common-imports.scss";
  │         ^^^^^^^^^^^^^^^^^^^^^^^^^^^^^^^^^^^^^^^^^^^^^^^^^^^^^^^^^^^^^^^^^^^^^^^^^^^^^^^^
  ╵
    /home/ubuntu/boucle-runs/vikunja-clean/frontend/src/components/project/partials/UnsplashBackgroundThumbnail.vue 2:9  root stylesheet

DEPRECATION WARNING [import]: Sass @import rules are deprecated and will be removed in Dart Sass 3.0.0.

More info and automated migrator: https://sass-lang.com/d/import

   ╷
16 │ @import "bulma-css-variables/sass/utilities/_all";
   │         ^^^^^^^^^^^^^^^^^^^^^^^^^^^^^^^^^^^^^^^^^
   ╵
    /home/ubuntu/boucle-runs/vikunja-clean/frontend/src/styles/common-imports.scss 16:9                 @import
    /home/ubuntu/boucle-runs/vikunja-clean/frontend/src/components/time-tracking/TimeEntryList.vue 2:9  root stylesheet

DEPRECATION WARNING [import]: Sass @import rules are deprecated and will be removed in Dart Sass 3.0.0.

More info and automated migrator: https://sass-lang.com/d/import

   ╷
16 │ @import "bulma-css-variables/sass/utilities/_all";
   │         ^^^^^^^^^^^^^^^^^^^^^^^^^^^^^^^^^^^^^^^^^
   ╵
    /home/ubuntu/boucle-runs/vikunja-clean/frontend/src/styles/common-imports.scss 16:9             @import
    /home/ubuntu/boucle-runs/vikunja-clean/frontend/src/components/tasks/partials/Comments.vue 2:9  root stylesheet

DEPRECATION WARNING [import]: Sass @import rules are deprecated and will be removed in Dart Sass 3.0.0.

More info and automated migrator: https://sass-lang.com/d/import

   ╷
16 │ @import "bulma-css-variables/sass/utilities/_all";
   │         ^^^^^^^^^^^^^^^^^^^^^^^^^^^^^^^^^^^^^^^^^
   ╵
    /home/ubuntu/boucle-runs/vikunja-clean/frontend/src/styles/common-imports.scss 16:9                                  @import
    /home/ubuntu/boucle-runs/vikunja-clean/frontend/src/components/project/partials/UnsplashBackgroundThumbnail.vue 2:9  root stylesheet

DEPRECATION WARNING [import]: Sass @import rules are deprecated and will be removed in Dart Sass 3.0.0.

More info and automated migrator: https://sass-lang.com/d/import

  ╷
2 │ @import "/home/ubuntu/boucle-runs/vikunja-clean/frontend/src/styles/common-imports.scss";
  │         ^^^^^^^^^^^^^^^^^^^^^^^^^^^^^^^^^^^^^^^^^^^^^^^^^^^^^^^^^^^^^^^^^^^^^^^^^^^^^^^^
  ╵
    /home/ubuntu/boucle-runs/vikunja-clean/frontend/src/components/misc/DropdownItem.vue 2:9  root stylesheet

DEPRECATION WARNING [import]: Sass @import rules are deprecated and will be removed in Dart Sass 3.0.0.

More info and automated migrator: https://sass-lang.com/d/import

  ╷
2 │ @import "/home/ubuntu/boucle-runs/vikunja-clean/frontend/src/styles/common-imports.scss";
  │         ^^^^^^^^^^^^^^^^^^^^^^^^^^^^^^^^^^^^^^^^^^^^^^^^^^^^^^^^^^^^^^^^^^^^^^^^^^^^^^^^
  ╵
    /home/ubuntu/boucle-runs/vikunja-clean/frontend/src/components/sharing/ProjectAccessCleanupList.vue 2:9  root stylesheet

DEPRECATION WARNING [import]: Sass @import rules are deprecated and will be removed in Dart Sass 3.0.0.

More info and automated migrator: https://sass-lang.com/d/import

   ╷
16 │ @import "bulma-css-variables/sass/utilities/_all";
   │         ^^^^^^^^^^^^^^^^^^^^^^^^^^^^^^^^^^^^^^^^^
   ╵
    /home/ubuntu/boucle-runs/vikunja-clean/frontend/src/styles/common-imports.scss 16:9       @import
    /home/ubuntu/boucle-runs/vikunja-clean/frontend/src/components/misc/DropdownItem.vue 2:9  root stylesheet

DEPRECATION WARNING [import]: Sass @import rules are deprecated and will be removed in Dart Sass 3.0.0.

More info and automated migrator: https://sass-lang.com/d/import

   ╷
16 │ @import "bulma-css-variables/sass/utilities/_all";
   │         ^^^^^^^^^^^^^^^^^^^^^^^^^^^^^^^^^^^^^^^^^
   ╵
    /home/ubuntu/boucle-runs/vikunja-clean/frontend/src/styles/common-imports.scss 16:9                      @import
    /home/ubuntu/boucle-runs/vikunja-clean/frontend/src/components/sharing/ProjectAccessCleanupList.vue 2:9  root stylesheet

DEPRECATION WARNING [import]: Sass @import rules are deprecated and will be removed in Dart Sass 3.0.0.

More info and automated migrator: https://sass-lang.com/d/import

  ╷
2 │ @import "/home/ubuntu/boucle-runs/vikunja-clean/frontend/src/styles/common-imports.scss";
  │         ^^^^^^^^^^^^^^^^^^^^^^^^^^^^^^^^^^^^^^^^^^^^^^^^^^^^^^^^^^^^^^^^^^^^^^^^^^^^^^^^
  ╵
    /home/ubuntu/boucle-runs/vikunja-clean/frontend/src/components/tasks/partials/ChecklistSummary.vue 2:9  root stylesheet

DEPRECATION WARNING [import]: Sass @import rules are deprecated and will be removed in Dart Sass 3.0.0.

More info and automated migrator: https://sass-lang.com/d/import

  ╷
2 │ @import "/home/ubuntu/boucle-runs/vikunja-clean/frontend/src/styles/common-imports.scss";
  │         ^^^^^^^^^^^^^^^^^^^^^^^^^^^^^^^^^^^^^^^^^^^^^^^^^^^^^^^^^^^^^^^^^^^^^^^^^^^^^^^^
  ╵
    /home/ubuntu/boucle-runs/vikunja-clean/frontend/src/components/tasks/partials/Description.vue 2:9  root stylesheet

DEPRECATION WARNING [import]: Sass @import rules are deprecated and will be removed in Dart Sass 3.0.0.

More info and automated migrator: https://sass-lang.com/d/import

  ╷
2 │ @import "/home/ubuntu/boucle-runs/vikunja-clean/frontend/src/styles/common-imports.scss";
  │         ^^^^^^^^^^^^^^^^^^^^^^^^^^^^^^^^^^^^^^^^^^^^^^^^^^^^^^^^^^^^^^^^^^^^^^^^^^^^^^^^
  ╵
    /home/ubuntu/boucle-runs/vikunja-clean/frontend/src/components/tasks/partials/CreatedUpdated.vue 2:9  root stylesheet

DEPRECATION WARNING [import]: Sass @import rules are deprecated and will be removed in Dart Sass 3.0.0.

More info and automated migrator: https://sass-lang.com/d/import

  ╷
2 │ @import "/home/ubuntu/boucle-runs/vikunja-clean/frontend/src/styles/common-imports.scss";
  │         ^^^^^^^^^^^^^^^^^^^^^^^^^^^^^^^^^^^^^^^^^^^^^^^^^^^^^^^^^^^^^^^^^^^^^^^^^^^^^^^^
  ╵
    /home/ubuntu/boucle-runs/vikunja-clean/frontend/src/components/tasks/partials/EditLabels.vue 2:9  root stylesheet

DEPRECATION WARNING [import]: Sass @import rules are deprecated and will be removed in Dart Sass 3.0.0.

More info and automated migrator: https://sass-lang.com/d/import

   ╷
16 │ @import "bulma-css-variables/sass/utilities/_all";
   │         ^^^^^^^^^^^^^^^^^^^^^^^^^^^^^^^^^^^^^^^^^
   ╵
    /home/ubuntu/boucle-runs/vikunja-clean/frontend/src/styles/common-imports.scss 16:9                     @import
    /home/ubuntu/boucle-runs/vikunja-clean/frontend/src/components/tasks/partials/ChecklistSummary.vue 2:9  root stylesheet

DEPRECATION WARNING [import]: Sass @import rules are deprecated and will be removed in Dart Sass 3.0.0.

More info and automated migrator: https://sass-lang.com/d/import

   ╷
16 │ @import "bulma-css-variables/sass/utilities/_all";
   │         ^^^^^^^^^^^^^^^^^^^^^^^^^^^^^^^^^^^^^^^^^
   ╵
    /home/ubuntu/boucle-runs/vikunja-clean/frontend/src/styles/common-imports.scss 16:9                   @import
    /home/ubuntu/boucle-runs/vikunja-clean/frontend/src/components/tasks/partials/CreatedUpdated.vue 2:9  root stylesheet

DEPRECATION WARNING [import]: Sass @import rules are deprecated and will be removed in Dart Sass 3.0.0.

More info and automated migrator: https://sass-lang.com/d/import

   ╷
16 │ @import "bulma-css-variables/sass/utilities/_all";
   │         ^^^^^^^^^^^^^^^^^^^^^^^^^^^^^^^^^^^^^^^^^
   ╵
    /home/ubuntu/boucle-runs/vikunja-clean/frontend/src/styles/common-imports.scss 16:9               @import
    /home/ubuntu/boucle-runs/vikunja-clean/frontend/src/components/tasks/partials/EditLabels.vue 2:9  root stylesheet

DEPRECATION WARNING [import]: Sass @import rules are deprecated and will be removed in Dart Sass 3.0.0.

More info and automated migrator: https://sass-lang.com/d/import

   ╷
16 │ @import "bulma-css-variables/sass/utilities/_all";
   │         ^^^^^^^^^^^^^^^^^^^^^^^^^^^^^^^^^^^^^^^^^
   ╵
    /home/ubuntu/boucle-runs/vikunja-clean/frontend/src/styles/common-imports.scss 16:9                @import
    /home/ubuntu/boucle-runs/vikunja-clean/frontend/src/components/tasks/partials/Description.vue 2:9  root stylesheet

DEPRECATION WARNING [import]: Sass @import rules are deprecated and will be removed in Dart Sass 3.0.0.

More info and automated migrator: https://sass-lang.com/d/import

  ╷
2 │ @import "/home/ubuntu/boucle-runs/vikunja-clean/frontend/src/styles/common-imports.scss";
  │         ^^^^^^^^^^^^^^^^^^^^^^^^^^^^^^^^^^^^^^^^^^^^^^^^^^^^^^^^^^^^^^^^^^^^^^^^^^^^^^^^
  ╵
    /home/ubuntu/boucle-runs/vikunja-clean/frontend/src/components/project/views/ViewEditForm.vue 2:9  root stylesheet

DEPRECATION WARNING [import]: Sass @import rules are deprecated and will be removed in Dart Sass 3.0.0.

More info and automated migrator: https://sass-lang.com/d/import

  ╷
2 │ @import "/home/ubuntu/boucle-runs/vikunja-clean/frontend/src/styles/common-imports.scss";
  │         ^^^^^^^^^^^^^^^^^^^^^^^^^^^^^^^^^^^^^^^^^^^^^^^^^^^^^^^^^^^^^^^^^^^^^^^^^^^^^^^^
  ╵
    /home/ubuntu/boucle-runs/vikunja-clean/frontend/src/components/tasks/partials/Attachments.vue 2:9  root stylesheet

DEPRECATION WARNING [import]: Sass @import rules are deprecated and will be removed in Dart Sass 3.0.0.

More info and automated migrator: https://sass-lang.com/d/import

   ╷
16 │ @import "bulma-css-variables/sass/utilities/_all";
   │         ^^^^^^^^^^^^^^^^^^^^^^^^^^^^^^^^^^^^^^^^^
   ╵
    /home/ubuntu/boucle-runs/vikunja-clean/frontend/src/styles/common-imports.scss 16:9                @import
    /home/ubuntu/boucle-runs/vikunja-clean/frontend/src/components/project/views/ViewEditForm.vue 2:9  root stylesheet

DEPRECATION WARNING [import]: Sass @import rules are deprecated and will be removed in Dart Sass 3.0.0.

More info and automated migrator: https://sass-lang.com/d/import

  ╷
2 │ @import "/home/ubuntu/boucle-runs/vikunja-clean/frontend/src/styles/common-imports.scss";
  │         ^^^^^^^^^^^^^^^^^^^^^^^^^^^^^^^^^^^^^^^^^^^^^^^^^^^^^^^^^^^^^^^^^^^^^^^^^^^^^^^^
  ╵
    /home/ubuntu/boucle-runs/vikunja-clean/frontend/src/components/tasks/partials/Heading.vue 2:9  root stylesheet

DEPRECATION WARNING [import]: Sass @import rules are deprecated and will be removed in Dart Sass 3.0.0.

More info and automated migrator: https://sass-lang.com/d/import

   ╷
16 │ @import "bulma-css-variables/sass/utilities/_all";
   │         ^^^^^^^^^^^^^^^^^^^^^^^^^^^^^^^^^^^^^^^^^
   ╵
    /home/ubuntu/boucle-runs/vikunja-clean/frontend/src/styles/common-imports.scss 16:9                @import
    /home/ubuntu/boucle-runs/vikunja-clean/frontend/src/components/tasks/partials/Attachments.vue 2:9  root stylesheet

DEPRECATION WARNING [import]: Sass @import rules are deprecated and will be removed in Dart Sass 3.0.0.

More info and automated migrator: https://sass-lang.com/d/import

  ╷
2 │ @import "/home/ubuntu/boucle-runs/vikunja-clean/frontend/src/styles/common-imports.scss";
  │         ^^^^^^^^^^^^^^^^^^^^^^^^^^^^^^^^^^^^^^^^^^^^^^^^^^^^^^^^^^^^^^^^^^^^^^^^^^^^^^^^
  ╵
    /home/ubuntu/boucle-runs/vikunja-clean/frontend/src/components/tasks/partials/Reminders.vue 2:9  root stylesheet

DEPRECATION WARNING [import]: Sass @import rules are deprecated and will be removed in Dart Sass 3.0.0.

More info and automated migrator: https://sass-lang.com/d/import

   ╷
16 │ @import "bulma-css-variables/sass/utilities/_all";
   │         ^^^^^^^^^^^^^^^^^^^^^^^^^^^^^^^^^^^^^^^^^
   ╵
    /home/ubuntu/boucle-runs/vikunja-clean/frontend/src/styles/common-imports.scss 16:9            @import
    /home/ubuntu/boucle-runs/vikunja-clean/frontend/src/components/tasks/partials/Heading.vue 2:9  root stylesheet

DEPRECATION WARNING [import]: Sass @import rules are deprecated and will be removed in Dart Sass 3.0.0.

More info and automated migrator: https://sass-lang.com/d/import

  ╷
2 │ @import "/home/ubuntu/boucle-runs/vikunja-clean/frontend/src/styles/common-imports.scss";
  │         ^^^^^^^^^^^^^^^^^^^^^^^^^^^^^^^^^^^^^^^^^^^^^^^^^^^^^^^^^^^^^^^^^^^^^^^^^^^^^^^^
  ╵
    /home/ubuntu/boucle-runs/vikunja-clean/frontend/src/components/tasks/partials/RepeatAfter.vue 2:9  root stylesheet

DEPRECATION WARNING [import]: Sass @import rules are deprecated and will be removed in Dart Sass 3.0.0.

More info and automated migrator: https://sass-lang.com/d/import

   ╷
16 │ @import "bulma-css-variables/sass/utilities/_all";
   │         ^^^^^^^^^^^^^^^^^^^^^^^^^^^^^^^^^^^^^^^^^
   ╵
    /home/ubuntu/boucle-runs/vikunja-clean/frontend/src/styles/common-imports.scss 16:9              @import
    /home/ubuntu/boucle-runs/vikunja-clean/frontend/src/components/tasks/partials/Reminders.vue 2:9  root stylesheet

DEPRECATION WARNING [import]: Sass @import rules are deprecated and will be removed in Dart Sass 3.0.0.

More info and automated migrator: https://sass-lang.com/d/import

   ╷
16 │ @import "bulma-css-variables/sass/utilities/_all";
   │         ^^^^^^^^^^^^^^^^^^^^^^^^^^^^^^^^^^^^^^^^^
   ╵
    /home/ubuntu/boucle-runs/vikunja-clean/frontend/src/styles/common-imports.scss 16:9                @import
    /home/ubuntu/boucle-runs/vikunja-clean/frontend/src/components/tasks/partials/RepeatAfter.vue 2:9  root stylesheet

DEPRECATION WARNING [import]: Sass @import rules are deprecated and will be removed in Dart Sass 3.0.0.

More info and automated migrator: https://sass-lang.com/d/import

  ╷
2 │ @import "/home/ubuntu/boucle-runs/vikunja-clean/frontend/src/styles/common-imports.scss";
  │         ^^^^^^^^^^^^^^^^^^^^^^^^^^^^^^^^^^^^^^^^^^^^^^^^^^^^^^^^^^^^^^^^^^^^^^^^^^^^^^^^
  ╵
    /home/ubuntu/boucle-runs/vikunja-clean/frontend/src/components/misc/CustomTransition.vue 2:9  root stylesheet

DEPRECATION WARNING [import]: Sass @import rules are deprecated and will be removed in Dart Sass 3.0.0.

More info and automated migrator: https://sass-lang.com/d/import

  ╷
2 │ @import "/home/ubuntu/boucle-runs/vikunja-clean/frontend/src/styles/common-imports.scss";
  │         ^^^^^^^^^^^^^^^^^^^^^^^^^^^^^^^^^^^^^^^^^^^^^^^^^^^^^^^^^^^^^^^^^^^^^^^^^^^^^^^^
  ╵
    /home/ubuntu/boucle-runs/vikunja-clean/frontend/src/components/tasks/partials/SingleTaskInProject.vue 2:9  root stylesheet

DEPRECATION WARNING [import]: Sass @import rules are deprecated and will be removed in Dart Sass 3.0.0.

More info and automated migrator: https://sass-lang.com/d/import

  ╷
2 │ @import "/home/ubuntu/boucle-runs/vikunja-clean/frontend/src/styles/common-imports.scss";
  │         ^^^^^^^^^^^^^^^^^^^^^^^^^^^^^^^^^^^^^^^^^^^^^^^^^^^^^^^^^^^^^^^^^^^^^^^^^^^^^^^^
  ╵
    /home/ubuntu/boucle-runs/vikunja-clean/frontend/src/components/tasks/partials/RelatedTasks.vue 2:9  root stylesheet

DEPRECATION WARNING [import]: Sass @import rules are deprecated and will be removed in Dart Sass 3.0.0.

More info and automated migrator: https://sass-lang.com/d/import

   ╷
16 │ @import "bulma-css-variables/sass/utilities/_all";
   │         ^^^^^^^^^^^^^^^^^^^^^^^^^^^^^^^^^^^^^^^^^
   ╵
    /home/ubuntu/boucle-runs/vikunja-clean/frontend/src/styles/common-imports.scss 16:9           @import
    /home/ubuntu/boucle-runs/vikunja-clean/frontend/src/components/misc/CustomTransition.vue 2:9  root stylesheet

DEPRECATION WARNING [import]: Sass @import rules are deprecated and will be removed in Dart Sass 3.0.0.

More info and automated migrator: https://sass-lang.com/d/import

   ╷
16 │ @import "bulma-css-variables/sass/utilities/_all";
   │         ^^^^^^^^^^^^^^^^^^^^^^^^^^^^^^^^^^^^^^^^^
   ╵
    /home/ubuntu/boucle-runs/vikunja-clean/frontend/src/styles/common-imports.scss 16:9                 @import
    /home/ubuntu/boucle-runs/vikunja-clean/frontend/src/components/tasks/partials/RelatedTasks.vue 2:9  root stylesheet

DEPRECATION WARNING [import]: Sass @import rules are deprecated and will be removed in Dart Sass 3.0.0.

More info and automated migrator: https://sass-lang.com/d/import

   ╷
16 │ @import "bulma-css-variables/sass/utilities/_all";
   │         ^^^^^^^^^^^^^^^^^^^^^^^^^^^^^^^^^^^^^^^^^
   ╵
    /home/ubuntu/boucle-runs/vikunja-clean/frontend/src/styles/common-imports.scss 16:9                        @import
    /home/ubuntu/boucle-runs/vikunja-clean/frontend/src/components/tasks/partials/SingleTaskInProject.vue 2:9  root stylesheet

DEPRECATION WARNING [import]: Sass @import rules are deprecated and will be removed in Dart Sass 3.0.0.

More info and automated migrator: https://sass-lang.com/d/import

  ╷
2 │ @import "/home/ubuntu/boucle-runs/vikunja-clean/frontend/src/styles/common-imports.scss";
  │         ^^^^^^^^^^^^^^^^^^^^^^^^^^^^^^^^^^^^^^^^^^^^^^^^^^^^^^^^^^^^^^^^^^^^^^^^^^^^^^^^
  ╵
    /home/ubuntu/boucle-runs/vikunja-clean/frontend/src/components/input/FormSelect.vue 2:9  root stylesheet

DEPRECATION WARNING [import]: Sass @import rules are deprecated and will be removed in Dart Sass 3.0.0.

More info and automated migrator: https://sass-lang.com/d/import

  ╷
2 │ @import "/home/ubuntu/boucle-runs/vikunja-clean/frontend/src/styles/common-imports.scss";
  │         ^^^^^^^^^^^^^^^^^^^^^^^^^^^^^^^^^^^^^^^^^^^^^^^^^^^^^^^^^^^^^^^^^^^^^^^^^^^^^^^^
  ╵
    /home/ubuntu/boucle-runs/vikunja-clean/frontend/src/components/tasks/partials/BucketSelect.vue 2:9  root stylesheet

DEPRECATION WARNING [import]: Sass @import rules are deprecated and will be removed in Dart Sass 3.0.0.

More info and automated migrator: https://sass-lang.com/d/import

  ╷
2 │ @import "/home/ubuntu/boucle-runs/vikunja-clean/frontend/src/styles/common-imports.scss";
  │         ^^^^^^^^^^^^^^^^^^^^^^^^^^^^^^^^^^^^^^^^^^^^^^^^^^^^^^^^^^^^^^^^^^^^^^^^^^^^^^^^
  ╵
    /home/ubuntu/boucle-runs/vikunja-clean/frontend/src/components/time-tracking/TimeEntryForm.vue 2:9  root stylesheet

DEPRECATION WARNING [import]: Sass @import rules are deprecated and will be removed in Dart Sass 3.0.0.

More info and automated migrator: https://sass-lang.com/d/import

  ╷
2 │ @import "/home/ubuntu/boucle-runs/vikunja-clean/frontend/src/styles/common-imports.scss";
  │         ^^^^^^^^^^^^^^^^^^^^^^^^^^^^^^^^^^^^^^^^^^^^^^^^^^^^^^^^^^^^^^^^^^^^^^^^^^^^^^^^
  ╵
    /home/ubuntu/boucle-runs/vikunja-clean/frontend/src/components/tasks/partials/AssigneeList.vue 2:9  root stylesheet

DEPRECATION WARNING [import]: Sass @import rules are deprecated and will be removed in Dart Sass 3.0.0.

More info and automated migrator: https://sass-lang.com/d/import

  ╷
2 │ @import "/home/ubuntu/boucle-runs/vikunja-clean/frontend/src/styles/common-imports.scss";
  │         ^^^^^^^^^^^^^^^^^^^^^^^^^^^^^^^^^^^^^^^^^^^^^^^^^^^^^^^^^^^^^^^^^^^^^^^^^^^^^^^^
  ╵
    /home/ubuntu/boucle-runs/vikunja-clean/frontend/src/components/input/Reactions.vue 2:9  root stylesheet

DEPRECATION WARNING [import]: Sass @import rules are deprecated and will be removed in Dart Sass 3.0.0.

More info and automated migrator: https://sass-lang.com/d/import

   ╷
16 │ @import "bulma-css-variables/sass/utilities/_all";
   │         ^^^^^^^^^^^^^^^^^^^^^^^^^^^^^^^^^^^^^^^^^
   ╵
    /home/ubuntu/boucle-runs/vikunja-clean/frontend/src/styles/common-imports.scss 16:9                 @import
    /home/ubuntu/boucle-runs/vikunja-clean/frontend/src/components/tasks/partials/BucketSelect.vue 2:9  root stylesheet

DEPRECATION WARNING [import]: Sass @import rules are deprecated and will be removed in Dart Sass 3.0.0.

More info and automated migrator: https://sass-lang.com/d/import

   ╷
16 │ @import "bulma-css-variables/sass/utilities/_all";
   │         ^^^^^^^^^^^^^^^^^^^^^^^^^^^^^^^^^^^^^^^^^
   ╵
    /home/ubuntu/boucle-runs/vikunja-clean/frontend/src/styles/common-imports.scss 16:9                 @import
    /home/ubuntu/boucle-runs/vikunja-clean/frontend/src/components/time-tracking/TimeEntryForm.vue 2:9  root stylesheet

DEPRECATION WARNING [import]: Sass @import rules are deprecated and will be removed in Dart Sass 3.0.0.

More info and automated migrator: https://sass-lang.com/d/import

   ╷
16 │ @import "bulma-css-variables/sass/utilities/_all";
   │         ^^^^^^^^^^^^^^^^^^^^^^^^^^^^^^^^^^^^^^^^^
   ╵
    /home/ubuntu/boucle-runs/vikunja-clean/frontend/src/styles/common-imports.scss 16:9                 @import
    /home/ubuntu/boucle-runs/vikunja-clean/frontend/src/components/tasks/partials/AssigneeList.vue 2:9  root stylesheet

DEPRECATION WARNING [import]: Sass @import rules are deprecated and will be removed in Dart Sass 3.0.0.

More info and automated migrator: https://sass-lang.com/d/import

   ╷
16 │ @import "bulma-css-variables/sass/utilities/_all";
   │         ^^^^^^^^^^^^^^^^^^^^^^^^^^^^^^^^^^^^^^^^^
   ╵
    /home/ubuntu/boucle-runs/vikunja-clean/frontend/src/styles/common-imports.scss 16:9      @import
    /home/ubuntu/boucle-runs/vikunja-clean/frontend/src/components/input/FormSelect.vue 2:9  root stylesheet

DEPRECATION WARNING [import]: Sass @import rules are deprecated and will be removed in Dart Sass 3.0.0.

More info and automated migrator: https://sass-lang.com/d/import

  ╷
2 │ @import "/home/ubuntu/boucle-runs/vikunja-clean/frontend/src/styles/common-imports.scss";
  │         ^^^^^^^^^^^^^^^^^^^^^^^^^^^^^^^^^^^^^^^^^^^^^^^^^^^^^^^^^^^^^^^^^^^^^^^^^^^^^^^^
  ╵
    /home/ubuntu/boucle-runs/vikunja-clean/frontend/src/components/date/DatepickerWithRange.vue 2:9  root stylesheet

DEPRECATION WARNING [import]: Sass @import rules are deprecated and will be removed in Dart Sass 3.0.0.

More info and automated migrator: https://sass-lang.com/d/import

  ╷
2 │ @import "/home/ubuntu/boucle-runs/vikunja-clean/frontend/src/styles/common-imports.scss";
  │         ^^^^^^^^^^^^^^^^^^^^^^^^^^^^^^^^^^^^^^^^^^^^^^^^^^^^^^^^^^^^^^^^^^^^^^^^^^^^^^^^
  ╵
    /home/ubuntu/boucle-runs/vikunja-clean/frontend/src/components/tasks/AddTask.vue 2:9  root stylesheet

DEPRECATION WARNING [import]: Sass @import rules are deprecated and will be removed in Dart Sass 3.0.0.

More info and automated migrator: https://sass-lang.com/d/import

   ╷
16 │ @import "bulma-css-variables/sass/utilities/_all";
   │         ^^^^^^^^^^^^^^^^^^^^^^^^^^^^^^^^^^^^^^^^^
   ╵
    /home/ubuntu/boucle-runs/vikunja-clean/frontend/src/styles/common-imports.scss 16:9     @import
    /home/ubuntu/boucle-runs/vikunja-clean/frontend/src/components/input/Reactions.vue 2:9  root stylesheet

DEPRECATION WARNING [import]: Sass @import rules are deprecated and will be removed in Dart Sass 3.0.0.

More info and automated migrator: https://sass-lang.com/d/import

   ╷
16 │ @import "bulma-css-variables/sass/utilities/_all";
   │         ^^^^^^^^^^^^^^^^^^^^^^^^^^^^^^^^^^^^^^^^^
   ╵
    /home/ubuntu/boucle-runs/vikunja-clean/frontend/src/styles/common-imports.scss 16:9              @import
    /home/ubuntu/boucle-runs/vikunja-clean/frontend/src/components/date/DatepickerWithRange.vue 2:9  root stylesheet

DEPRECATION WARNING [import]: Sass @import rules are deprecated and will be removed in Dart Sass 3.0.0.

More info and automated migrator: https://sass-lang.com/d/import

   ╷
16 │ @import "bulma-css-variables/sass/utilities/_all";
   │         ^^^^^^^^^^^^^^^^^^^^^^^^^^^^^^^^^^^^^^^^^
   ╵
    /home/ubuntu/boucle-runs/vikunja-clean/frontend/src/styles/common-imports.scss 16:9   @import
    /home/ubuntu/boucle-runs/vikunja-clean/frontend/src/components/tasks/AddTask.vue 2:9  root stylesheet

DEPRECATION WARNING [import]: Sass @import rules are deprecated and will be removed in Dart Sass 3.0.0.

More info and automated migrator: https://sass-lang.com/d/import

  ╷
2 │ @import "/home/ubuntu/boucle-runs/vikunja-clean/frontend/src/styles/common-imports.scss";
  │         ^^^^^^^^^^^^^^^^^^^^^^^^^^^^^^^^^^^^^^^^^^^^^^^^^^^^^^^^^^^^^^^^^^^^^^^^^^^^^^^^
  ╵
    /home/ubuntu/boucle-runs/vikunja-clean/frontend/src/components/project/partials/ProjectCardGrid.vue 2:9  root stylesheet

DEPRECATION WARNING [import]: Sass @import rules are deprecated and will be removed in Dart Sass 3.0.0.

More info and automated migrator: https://sass-lang.com/d/import

  ╷
2 │ @import "/home/ubuntu/boucle-runs/vikunja-clean/frontend/src/styles/common-imports.scss";
  │         ^^^^^^^^^^^^^^^^^^^^^^^^^^^^^^^^^^^^^^^^^^^^^^^^^^^^^^^^^^^^^^^^^^^^^^^^^^^^^^^^
  ╵
    /home/ubuntu/boucle-runs/vikunja-clean/frontend/src/components/token/McpClientGuide.vue 2:9  root stylesheet

DEPRECATION WARNING [import]: Sass @import rules are deprecated and will be removed in Dart Sass 3.0.0.

More info and automated migrator: https://sass-lang.com/d/import

  ╷
2 │ @import "/home/ubuntu/boucle-runs/vikunja-clean/frontend/src/styles/common-imports.scss";
  │         ^^^^^^^^^^^^^^^^^^^^^^^^^^^^^^^^^^^^^^^^^^^^^^^^^^^^^^^^^^^^^^^^^^^^^^^^^^^^^^^^
  ╵
    /home/ubuntu/boucle-runs/vikunja-clean/frontend/src/components/tasks/partials/Sort.vue 2:9  root stylesheet

DEPRECATION WARNING [import]: Sass @import rules are deprecated and will be removed in Dart Sass 3.0.0.

More info and automated migrator: https://sass-lang.com/d/import

   ╷
16 │ @import "bulma-css-variables/sass/utilities/_all";
   │         ^^^^^^^^^^^^^^^^^^^^^^^^^^^^^^^^^^^^^^^^^
   ╵
    /home/ubuntu/boucle-runs/vikunja-clean/frontend/src/styles/common-imports.scss 16:9                      @import
    /home/ubuntu/boucle-runs/vikunja-clean/frontend/src/components/project/partials/ProjectCardGrid.vue 2:9  root stylesheet

DEPRECATION WARNING [import]: Sass @import rules are deprecated and will be removed in Dart Sass 3.0.0.

More info and automated migrator: https://sass-lang.com/d/import

   ╷
16 │ @import "bulma-css-variables/sass/utilities/_all";
   │         ^^^^^^^^^^^^^^^^^^^^^^^^^^^^^^^^^^^^^^^^^
   ╵
    /home/ubuntu/boucle-runs/vikunja-clean/frontend/src/styles/common-imports.scss 16:9          @import
    /home/ubuntu/boucle-runs/vikunja-clean/frontend/src/components/token/McpClientGuide.vue 2:9  root stylesheet

DEPRECATION WARNING [import]: Sass @import rules are deprecated and will be removed in Dart Sass 3.0.0.

More info and automated migrator: https://sass-lang.com/d/import

  ╷
2 │ @import "/home/ubuntu/boucle-runs/vikunja-clean/frontend/src/styles/common-imports.scss";
  │         ^^^^^^^^^^^^^^^^^^^^^^^^^^^^^^^^^^^^^^^^^^^^^^^^^^^^^^^^^^^^^^^^^^^^^^^^^^^^^^^^
  ╵
    /home/ubuntu/boucle-runs/vikunja-clean/frontend/src/views/migrate/MigrationCredentialsForm.vue 2:9  root stylesheet

DEPRECATION WARNING [import]: Sass @import rules are deprecated and will be removed in Dart Sass 3.0.0.

More info and automated migrator: https://sass-lang.com/d/import

   ╷
16 │ @import "bulma-css-variables/sass/utilities/_all";
   │         ^^^^^^^^^^^^^^^^^^^^^^^^^^^^^^^^^^^^^^^^^
   ╵
    /home/ubuntu/boucle-runs/vikunja-clean/frontend/src/styles/common-imports.scss 16:9         @import
    /home/ubuntu/boucle-runs/vikunja-clean/frontend/src/components/tasks/partials/Sort.vue 2:9  root stylesheet

DEPRECATION WARNING [global-builtin]: Global built-in functions are deprecated and will be removed in Dart Sass 3.0.0.
Use list.nth instead.

More info and automated migrator: https://sass-lang.com/d/import

   ╷
23 │     $color: nth($pair, 1);
   │             ^^^^^^^^^^^^^
   ╵
    /home/ubuntu/boucle-runs/vikunja-clean/frontend/src/styles/theme/form.scss 23:13  @import
    /home/ubuntu/boucle-runs/vikunja-clean/frontend/src/styles/theme/_index.scss 7:9  @import
    /home/ubuntu/boucle-runs/vikunja-clean/frontend/src/styles/global.scss 86:9       root stylesheet

DEPRECATION WARNING [global-builtin]: Global built-in functions are deprecated and will be removed in Dart Sass 3.0.0.
Use list.nth instead.

More info and automated migrator: https://sass-lang.com/d/import

   ╷
24 │     $color-invert: nth($pair, 2);
   │                    ^^^^^^^^^^^^^
   ╵
    /home/ubuntu/boucle-runs/vikunja-clean/frontend/src/styles/theme/form.scss 24:20  @import
    /home/ubuntu/boucle-runs/vikunja-clean/frontend/src/styles/theme/_index.scss 7:9  @import
    /home/ubuntu/boucle-runs/vikunja-clean/frontend/src/styles/global.scss 86:9       root stylesheet

DEPRECATION WARNING [import]: Sass @import rules are deprecated and will be removed in Dart Sass 3.0.0.

More info and automated migrator: https://sass-lang.com/d/import

   ╷
16 │ @import "bulma-css-variables/sass/utilities/_all";
   │         ^^^^^^^^^^^^^^^^^^^^^^^^^^^^^^^^^^^^^^^^^
   ╵
    /home/ubuntu/boucle-runs/vikunja-clean/frontend/src/styles/common-imports.scss 16:9                 @import
    /home/ubuntu/boucle-runs/vikunja-clean/frontend/src/views/migrate/MigrationCredentialsForm.vue 2:9  root stylesheet

DEPRECATION WARNING [import]: Sass @import rules are deprecated and will be removed in Dart Sass 3.0.0.

More info and automated migrator: https://sass-lang.com/d/import

  ╷
2 │ @import "/home/ubuntu/boucle-runs/vikunja-clean/frontend/src/styles/common-imports.scss";
  │         ^^^^^^^^^^^^^^^^^^^^^^^^^^^^^^^^^^^^^^^^^^^^^^^^^^^^^^^^^^^^^^^^^^^^^^^^^^^^^^^^
  ╵
    /home/ubuntu/boucle-runs/vikunja-clean/frontend/src/components/tasks/partials/EditAssignees.vue 2:9  root stylesheet

DEPRECATION WARNING [import]: Sass @import rules are deprecated and will be removed in Dart Sass 3.0.0.

More info and automated migrator: https://sass-lang.com/d/import

  ╷
2 │ @import "/home/ubuntu/boucle-runs/vikunja-clean/frontend/src/styles/common-imports.scss";
  │         ^^^^^^^^^^^^^^^^^^^^^^^^^^^^^^^^^^^^^^^^^^^^^^^^^^^^^^^^^^^^^^^^^^^^^^^^^^^^^^^^
  ╵
    /home/ubuntu/boucle-runs/vikunja-clean/frontend/src/components/input/editor/TipTap.vue 2:9  root stylesheet

DEPRECATION WARNING [import]: Sass @import rules are deprecated and will be removed in Dart Sass 3.0.0.

More info and automated migrator: https://sass-lang.com/d/import

  ╷
2 │ @import "/home/ubuntu/boucle-runs/vikunja-clean/frontend/src/styles/common-imports.scss";
  │         ^^^^^^^^^^^^^^^^^^^^^^^^^^^^^^^^^^^^^^^^^^^^^^^^^^^^^^^^^^^^^^^^^^^^^^^^^^^^^^^^
  ╵
    /home/ubuntu/boucle-runs/vikunja-clean/frontend/src/components/base/BaseCheckbox.vue 2:9  root stylesheet

DEPRECATION WARNING [import]: Sass @import rules are deprecated and will be removed in Dart Sass 3.0.0.

More info and automated migrator: https://sass-lang.com/d/import

   ╷
16 │ @import "bulma-css-variables/sass/utilities/_all";
   │         ^^^^^^^^^^^^^^^^^^^^^^^^^^^^^^^^^^^^^^^^^
   ╵
    /home/ubuntu/boucle-runs/vikunja-clean/frontend/src/styles/common-imports.scss 16:9                  @import
    /home/ubuntu/boucle-runs/vikunja-clean/frontend/src/components/tasks/partials/EditAssignees.vue 2:9  root stylesheet

DEPRECATION WARNING [import]: Sass @import rules are deprecated and will be removed in Dart Sass 3.0.0.

More info and automated migrator: https://sass-lang.com/d/import

   ╷
16 │ @import "bulma-css-variables/sass/utilities/_all";
   │         ^^^^^^^^^^^^^^^^^^^^^^^^^^^^^^^^^^^^^^^^^
   ╵
    /home/ubuntu/boucle-runs/vikunja-clean/frontend/src/styles/common-imports.scss 16:9         @import
    /home/ubuntu/boucle-runs/vikunja-clean/frontend/src/components/input/editor/TipTap.vue 2:9  root stylesheet

DEPRECATION WARNING [import]: Sass @import rules are deprecated and will be removed in Dart Sass 3.0.0.

More info and automated migrator: https://sass-lang.com/d/import

   ╷
16 │ @import "bulma-css-variables/sass/utilities/_all";
   │         ^^^^^^^^^^^^^^^^^^^^^^^^^^^^^^^^^^^^^^^^^
   ╵
    /home/ubuntu/boucle-runs/vikunja-clean/frontend/src/styles/common-imports.scss 16:9       @import
    /home/ubuntu/boucle-runs/vikunja-clean/frontend/src/components/base/BaseCheckbox.vue 2:9  root stylesheet

DEPRECATION WARNING [import]: Sass @import rules are deprecated and will be removed in Dart Sass 3.0.0.

More info and automated migrator: https://sass-lang.com/d/import

  ╷
2 │ @import "/home/ubuntu/boucle-runs/vikunja-clean/frontend/src/styles/common-imports.scss";
  │         ^^^^^^^^^^^^^^^^^^^^^^^^^^^^^^^^^^^^^^^^^^^^^^^^^^^^^^^^^^^^^^^^^^^^^^^^^^^^^^^^
  ╵
    /home/ubuntu/boucle-runs/vikunja-clean/frontend/src/components/base/Expandable.vue 2:9  root stylesheet

DEPRECATION WARNING [import]: Sass @import rules are deprecated and will be removed in Dart Sass 3.0.0.

More info and automated migrator: https://sass-lang.com/d/import

  ╷
2 │ @import "/home/ubuntu/boucle-runs/vikunja-clean/frontend/src/styles/common-imports.scss";
  │         ^^^^^^^^^^^^^^^^^^^^^^^^^^^^^^^^^^^^^^^^^^^^^^^^^^^^^^^^^^^^^^^^^^^^^^^^^^^^^^^^
  ╵
    /home/ubuntu/boucle-runs/vikunja-clean/frontend/src/components/base/BasePagination.vue 2:9  root stylesheet

DEPRECATION WARNING [import]: Sass @import rules are deprecated and will be removed in Dart Sass 3.0.0.

More info and automated migrator: https://sass-lang.com/d/import

  ╷
2 │ @import "/home/ubuntu/boucle-runs/vikunja-clean/frontend/src/styles/common-imports.scss";
  │         ^^^^^^^^^^^^^^^^^^^^^^^^^^^^^^^^^^^^^^^^^^^^^^^^^^^^^^^^^^^^^^^^^^^^^^^^^^^^^^^^
  ╵
    /home/ubuntu/boucle-runs/vikunja-clean/frontend/src/components/misc/Done.vue 2:9  root stylesheet

DEPRECATION WARNING [import]: Sass @import rules are deprecated and will be removed in Dart Sass 3.0.0.

More info and automated migrator: https://sass-lang.com/d/import

   ╷
16 │ @import "bulma-css-variables/sass/utilities/_all";
   │         ^^^^^^^^^^^^^^^^^^^^^^^^^^^^^^^^^^^^^^^^^
   ╵
    /home/ubuntu/boucle-runs/vikunja-clean/frontend/src/styles/common-imports.scss 16:9         @import
    /home/ubuntu/boucle-runs/vikunja-clean/frontend/src/components/base/BasePagination.vue 2:9  root stylesheet

DEPRECATION WARNING [import]: Sass @import rules are deprecated and will be removed in Dart Sass 3.0.0.

More info and automated migrator: https://sass-lang.com/d/import

   ╷
16 │ @import "bulma-css-variables/sass/utilities/_all";
   │         ^^^^^^^^^^^^^^^^^^^^^^^^^^^^^^^^^^^^^^^^^
   ╵
    /home/ubuntu/boucle-runs/vikunja-clean/frontend/src/styles/common-imports.scss 16:9     @import
    /home/ubuntu/boucle-runs/vikunja-clean/frontend/src/components/base/Expandable.vue 2:9  root stylesheet

DEPRECATION WARNING [import]: Sass @import rules are deprecated and will be removed in Dart Sass 3.0.0.

More info and automated migrator: https://sass-lang.com/d/import

  ╷
2 │ @import "/home/ubuntu/boucle-runs/vikunja-clean/frontend/src/styles/common-imports.scss";
  │         ^^^^^^^^^^^^^^^^^^^^^^^^^^^^^^^^^^^^^^^^^^^^^^^^^^^^^^^^^^^^^^^^^^^^^^^^^^^^^^^^
  ╵
    /home/ubuntu/boucle-runs/vikunja-clean/frontend/src/components/project/partials/FilterPopup.vue 2:9  root stylesheet

DEPRECATION WARNING [import]: Sass @import rules are deprecated and will be removed in Dart Sass 3.0.0.

More info and automated migrator: https://sass-lang.com/d/import

   ╷
16 │ @import "bulma-css-variables/sass/utilities/_all";
   │         ^^^^^^^^^^^^^^^^^^^^^^^^^^^^^^^^^^^^^^^^^
   ╵
    /home/ubuntu/boucle-runs/vikunja-clean/frontend/src/styles/common-imports.scss 16:9  @import
    /home/ubuntu/boucle-runs/vikunja-clean/frontend/src/components/misc/Done.vue 2:9     root stylesheet

DEPRECATION WARNING [import]: Sass @import rules are deprecated and will be removed in Dart Sass 3.0.0.

More info and automated migrator: https://sass-lang.com/d/import

   ╷
16 │ @import "bulma-css-variables/sass/utilities/_all";
   │         ^^^^^^^^^^^^^^^^^^^^^^^^^^^^^^^^^^^^^^^^^
   ╵
    /home/ubuntu/boucle-runs/vikunja-clean/frontend/src/styles/common-imports.scss 16:9                  @import
    /home/ubuntu/boucle-runs/vikunja-clean/frontend/src/components/project/partials/FilterPopup.vue 2:9  root stylesheet

DEPRECATION WARNING [import]: Sass @import rules are deprecated and will be removed in Dart Sass 3.0.0.

More info and automated migrator: https://sass-lang.com/d/import

  ╷
2 │ @import "/home/ubuntu/boucle-runs/vikunja-clean/frontend/src/styles/common-imports.scss";
  │         ^^^^^^^^^^^^^^^^^^^^^^^^^^^^^^^^^^^^^^^^^^^^^^^^^^^^^^^^^^^^^^^^^^^^^^^^^^^^^^^^
  ╵
    /home/ubuntu/boucle-runs/vikunja-clean/frontend/src/components/home/Logo.vue 2:9  root stylesheet

DEPRECATION WARNING [import]: Sass @import rules are deprecated and will be removed in Dart Sass 3.0.0.

More info and automated migrator: https://sass-lang.com/d/import

  ╷
2 │ @import "/home/ubuntu/boucle-runs/vikunja-clean/frontend/src/styles/common-imports.scss";
  │         ^^^^^^^^^^^^^^^^^^^^^^^^^^^^^^^^^^^^^^^^^^^^^^^^^^^^^^^^^^^^^^^^^^^^^^^^^^^^^^^^
  ╵
    /home/ubuntu/boucle-runs/vikunja-clean/frontend/src/components/gantt/GanttChart.vue 2:9  root stylesheet

DEPRECATION WARNING [import]: Sass @import rules are deprecated and will be removed in Dart Sass 3.0.0.

More info and automated migrator: https://sass-lang.com/d/import

  ╷
2 │ @import "/home/ubuntu/boucle-runs/vikunja-clean/frontend/src/styles/common-imports.scss";
  │         ^^^^^^^^^^^^^^^^^^^^^^^^^^^^^^^^^^^^^^^^^^^^^^^^^^^^^^^^^^^^^^^^^^^^^^^^^^^^^^^^
  ╵
    /home/ubuntu/boucle-runs/vikunja-clean/frontend/src/components/misc/Dropdown.vue 2:9  root stylesheet

DEPRECATION WARNING [import]: Sass @import rules are deprecated and will be removed in Dart Sass 3.0.0.

More info and automated migrator: https://sass-lang.com/d/import

   ╷
16 │ @import "bulma-css-variables/sass/utilities/_all";
   │         ^^^^^^^^^^^^^^^^^^^^^^^^^^^^^^^^^^^^^^^^^
   ╵
    /home/ubuntu/boucle-runs/vikunja-clean/frontend/src/styles/common-imports.scss 16:9   @import
    /home/ubuntu/boucle-runs/vikunja-clean/frontend/src/components/misc/Dropdown.vue 2:9  root stylesheet

DEPRECATION WARNING [import]: Sass @import rules are deprecated and will be removed in Dart Sass 3.0.0.

More info and automated migrator: https://sass-lang.com/d/import

   ╷
16 │ @import "bulma-css-variables/sass/utilities/_all";
   │         ^^^^^^^^^^^^^^^^^^^^^^^^^^^^^^^^^^^^^^^^^
   ╵
    /home/ubuntu/boucle-runs/vikunja-clean/frontend/src/styles/common-imports.scss 16:9  @import
    /home/ubuntu/boucle-runs/vikunja-clean/frontend/src/components/home/Logo.vue 2:9     root stylesheet

DEPRECATION WARNING [import]: Sass @import rules are deprecated and will be removed in Dart Sass 3.0.0.

More info and automated migrator: https://sass-lang.com/d/import

   ╷
16 │ @import "bulma-css-variables/sass/utilities/_all";
   │         ^^^^^^^^^^^^^^^^^^^^^^^^^^^^^^^^^^^^^^^^^
   ╵
    /home/ubuntu/boucle-runs/vikunja-clean/frontend/src/styles/common-imports.scss 16:9      @import
    /home/ubuntu/boucle-runs/vikunja-clean/frontend/src/components/gantt/GanttChart.vue 2:9  root stylesheet

DEPRECATION WARNING [import]: Sass @import rules are deprecated and will be removed in Dart Sass 3.0.0.

More info and automated migrator: https://sass-lang.com/d/import

  ╷
2 │ @import "/home/ubuntu/boucle-runs/vikunja-clean/frontend/src/styles/common-imports.scss";
  │         ^^^^^^^^^^^^^^^^^^^^^^^^^^^^^^^^^^^^^^^^^^^^^^^^^^^^^^^^^^^^^^^^^^^^^^^^^^^^^^^^
  ╵
    /home/ubuntu/boucle-runs/vikunja-clean/frontend/src/components/input/DateRangeInput.vue 2:9  root stylesheet

DEPRECATION WARNING [import]: Sass @import rules are deprecated and will be removed in Dart Sass 3.0.0.

More info and automated migrator: https://sass-lang.com/d/import

  ╷
2 │ @import "/home/ubuntu/boucle-runs/vikunja-clean/frontend/src/styles/common-imports.scss";
  │         ^^^^^^^^^^^^^^^^^^^^^^^^^^^^^^^^^^^^^^^^^^^^^^^^^^^^^^^^^^^^^^^^^^^^^^^^^^^^^^^^
  ╵
    /home/ubuntu/boucle-runs/vikunja-clean/frontend/src/components/tasks/partials/Labels.vue 2:9  root stylesheet

DEPRECATION WARNING [import]: Sass @import rules are deprecated and will be removed in Dart Sass 3.0.0.

More info and automated migrator: https://sass-lang.com/d/import

  ╷
2 │ @import "/home/ubuntu/boucle-runs/vikunja-clean/frontend/src/styles/common-imports.scss";
  │         ^^^^^^^^^^^^^^^^^^^^^^^^^^^^^^^^^^^^^^^^^^^^^^^^^^^^^^^^^^^^^^^^^^^^^^^^^^^^^^^^
  ╵
    /home/ubuntu/boucle-runs/vikunja-clean/frontend/src/components/notifications/Notifications.vue 2:9  root stylesheet

DEPRECATION WARNING [import]: Sass @import rules are deprecated and will be removed in Dart Sass 3.0.0.

More info and automated migrator: https://sass-lang.com/d/import

  ╷
2 │ @import "/home/ubuntu/boucle-runs/vikunja-clean/frontend/src/styles/common-imports.scss";
  │         ^^^^^^^^^^^^^^^^^^^^^^^^^^^^^^^^^^^^^^^^^^^^^^^^^^^^^^^^^^^^^^^^^^^^^^^^^^^^^^^^
  ╵
    /home/ubuntu/boucle-runs/vikunja-clean/frontend/src/components/tasks/partials/CommentCount.vue 2:9  root stylesheet

DEPRECATION WARNING [import]: Sass @import rules are deprecated and will be removed in Dart Sass 3.0.0.

More info and automated migrator: https://sass-lang.com/d/import

   ╷
16 │ @import "bulma-css-variables/sass/utilities/_all";
   │         ^^^^^^^^^^^^^^^^^^^^^^^^^^^^^^^^^^^^^^^^^
   ╵
    /home/ubuntu/boucle-runs/vikunja-clean/frontend/src/styles/common-imports.scss 16:9           @import
    /home/ubuntu/boucle-runs/vikunja-clean/frontend/src/components/tasks/partials/Labels.vue 2:9  root stylesheet

DEPRECATION WARNING [import]: Sass @import rules are deprecated and will be removed in Dart Sass 3.0.0.

More info and automated migrator: https://sass-lang.com/d/import

   ╷
16 │ @import "bulma-css-variables/sass/utilities/_all";
   │         ^^^^^^^^^^^^^^^^^^^^^^^^^^^^^^^^^^^^^^^^^
   ╵
    /home/ubuntu/boucle-runs/vikunja-clean/frontend/src/styles/common-imports.scss 16:9          @import
    /home/ubuntu/boucle-runs/vikunja-clean/frontend/src/components/input/DateRangeInput.vue 2:9  root stylesheet

DEPRECATION WARNING [import]: Sass @import rules are deprecated and will be removed in Dart Sass 3.0.0.

More info and automated migrator: https://sass-lang.com/d/import

   ╷
16 │ @import "bulma-css-variables/sass/utilities/_all";
   │         ^^^^^^^^^^^^^^^^^^^^^^^^^^^^^^^^^^^^^^^^^
   ╵
    /home/ubuntu/boucle-runs/vikunja-clean/frontend/src/styles/common-imports.scss 16:9                 @import
    /home/ubuntu/boucle-runs/vikunja-clean/frontend/src/components/notifications/Notifications.vue 2:9  root stylesheet

DEPRECATION WARNING [import]: Sass @import rules are deprecated and will be removed in Dart Sass 3.0.0.

More info and automated migrator: https://sass-lang.com/d/import

   ╷
16 │ @import "bulma-css-variables/sass/utilities/_all";
   │         ^^^^^^^^^^^^^^^^^^^^^^^^^^^^^^^^^^^^^^^^^
   ╵
    /home/ubuntu/boucle-runs/vikunja-clean/frontend/src/styles/common-imports.scss 16:9                 @import
    /home/ubuntu/boucle-runs/vikunja-clean/frontend/src/components/tasks/partials/CommentCount.vue 2:9  root stylesheet

DEPRECATION WARNING [import]: Sass @import rules are deprecated and will be removed in Dart Sass 3.0.0.

More info and automated migrator: https://sass-lang.com/d/import

  ╷
2 │ @import "/home/ubuntu/boucle-runs/vikunja-clean/frontend/src/styles/common-imports.scss";
  │         ^^^^^^^^^^^^^^^^^^^^^^^^^^^^^^^^^^^^^^^^^^^^^^^^^^^^^^^^^^^^^^^^^^^^^^^^^^^^^^^^
  ╵
    /home/ubuntu/boucle-runs/vikunja-clean/frontend/src/components/home/MenuButton.vue 2:9  root stylesheet

DEPRECATION WARNING [import]: Sass @import rules are deprecated and will be removed in Dart Sass 3.0.0.

More info and automated migrator: https://sass-lang.com/d/import

  ╷
2 │ @import "/home/ubuntu/boucle-runs/vikunja-clean/frontend/src/styles/common-imports.scss";
  │         ^^^^^^^^^^^^^^^^^^^^^^^^^^^^^^^^^^^^^^^^^^^^^^^^^^^^^^^^^^^^^^^^^^^^^^^^^^^^^^^^
  ╵
    /home/ubuntu/boucle-runs/vikunja-clean/frontend/src/components/tasks/partials/TaskGlanceTooltip.vue 2:9  root stylesheet

DEPRECATION WARNING [import]: Sass @import rules are deprecated and will be removed in Dart Sass 3.0.0.

More info and automated migrator: https://sass-lang.com/d/import

  ╷
2 │ @import "/home/ubuntu/boucle-runs/vikunja-clean/frontend/src/styles/common-imports.scss";
  │         ^^^^^^^^^^^^^^^^^^^^^^^^^^^^^^^^^^^^^^^^^^^^^^^^^^^^^^^^^^^^^^^^^^^^^^^^^^^^^^^^
  ╵
    /home/ubuntu/boucle-runs/vikunja-clean/frontend/src/components/tasks/partials/KanbanCard.vue 2:9  root stylesheet

DEPRECATION WARNING [import]: Sass @import rules are deprecated and will be removed in Dart Sass 3.0.0.

More info and automated migrator: https://sass-lang.com/d/import

   ╷
16 │ @import "bulma-css-variables/sass/utilities/_all";
   │         ^^^^^^^^^^^^^^^^^^^^^^^^^^^^^^^^^^^^^^^^^
   ╵
    /home/ubuntu/boucle-runs/vikunja-clean/frontend/src/styles/common-imports.scss 16:9     @import
    /home/ubuntu/boucle-runs/vikunja-clean/frontend/src/components/home/MenuButton.vue 2:9  root stylesheet

DEPRECATION WARNING [import]: Sass @import rules are deprecated and will be removed in Dart Sass 3.0.0.

More info and automated migrator: https://sass-lang.com/d/import

   ╷
16 │ @import "bulma-css-variables/sass/utilities/_all";
   │         ^^^^^^^^^^^^^^^^^^^^^^^^^^^^^^^^^^^^^^^^^
   ╵
    /home/ubuntu/boucle-runs/vikunja-clean/frontend/src/styles/common-imports.scss 16:9                      @import
    /home/ubuntu/boucle-runs/vikunja-clean/frontend/src/components/tasks/partials/TaskGlanceTooltip.vue 2:9  root stylesheet

DEPRECATION WARNING [import]: Sass @import rules are deprecated and will be removed in Dart Sass 3.0.0.

More info and automated migrator: https://sass-lang.com/d/import

   ╷
16 │ @import "bulma-css-variables/sass/utilities/_all";
   │         ^^^^^^^^^^^^^^^^^^^^^^^^^^^^^^^^^^^^^^^^^
   ╵
    /home/ubuntu/boucle-runs/vikunja-clean/frontend/src/styles/common-imports.scss 16:9               @import
    /home/ubuntu/boucle-runs/vikunja-clean/frontend/src/components/tasks/partials/KanbanCard.vue 2:9  root stylesheet

DEPRECATION WARNING [import]: Sass @import rules are deprecated and will be removed in Dart Sass 3.0.0.

More info and automated migrator: https://sass-lang.com/d/import

  ╷
2 │ @import "/home/ubuntu/boucle-runs/vikunja-clean/frontend/src/styles/common-imports.scss";
  │         ^^^^^^^^^^^^^^^^^^^^^^^^^^^^^^^^^^^^^^^^^^^^^^^^^^^^^^^^^^^^^^^^^^^^^^^^^^^^^^^^
  ╵
    /home/ubuntu/boucle-runs/vikunja-clean/frontend/src/components/misc/Popup.vue 2:9  root stylesheet

DEPRECATION WARNING [import]: Sass @import rules are deprecated and will be removed in Dart Sass 3.0.0.

More info and automated migrator: https://sass-lang.com/d/import

  ╷
2 │ @import "/home/ubuntu/boucle-runs/vikunja-clean/frontend/src/styles/common-imports.scss";
  │         ^^^^^^^^^^^^^^^^^^^^^^^^^^^^^^^^^^^^^^^^^^^^^^^^^^^^^^^^^^^^^^^^^^^^^^^^^^^^^^^^
  ╵
    /home/ubuntu/boucle-runs/vikunja-clean/frontend/src/components/tasks/TaskForm.vue 2:9  root stylesheet

DEPRECATION WARNING [import]: Sass @import rules are deprecated and will be removed in Dart Sass 3.0.0.

More info and automated migrator: https://sass-lang.com/d/import

  ╷
2 │ @import "/home/ubuntu/boucle-runs/vikunja-clean/frontend/src/styles/common-imports.scss";
  │         ^^^^^^^^^^^^^^^^^^^^^^^^^^^^^^^^^^^^^^^^^^^^^^^^^^^^^^^^^^^^^^^^^^^^^^^^^^^^^^^^
  ╵
    /home/ubuntu/boucle-runs/vikunja-clean/frontend/src/components/misc/Shortcut.vue 2:9  root stylesheet

DEPRECATION WARNING [import]: Sass @import rules are deprecated and will be removed in Dart Sass 3.0.0.

More info and automated migrator: https://sass-lang.com/d/import

   ╷
16 │ @import "bulma-css-variables/sass/utilities/_all";
   │         ^^^^^^^^^^^^^^^^^^^^^^^^^^^^^^^^^^^^^^^^^
   ╵
    /home/ubuntu/boucle-runs/vikunja-clean/frontend/src/styles/common-imports.scss 16:9    @import
    /home/ubuntu/boucle-runs/vikunja-clean/frontend/src/components/tasks/TaskForm.vue 2:9  root stylesheet

DEPRECATION WARNING [import]: Sass @import rules are deprecated and will be removed in Dart Sass 3.0.0.

More info and automated migrator: https://sass-lang.com/d/import

   ╷
16 │ @import "bulma-css-variables/sass/utilities/_all";
   │         ^^^^^^^^^^^^^^^^^^^^^^^^^^^^^^^^^^^^^^^^^
   ╵
    /home/ubuntu/boucle-runs/vikunja-clean/frontend/src/styles/common-imports.scss 16:9  @import
    /home/ubuntu/boucle-runs/vikunja-clean/frontend/src/components/misc/Popup.vue 2:9    root stylesheet

DEPRECATION WARNING [import]: Sass @import rules are deprecated and will be removed in Dart Sass 3.0.0.

More info and automated migrator: https://sass-lang.com/d/import

   ╷
16 │ @import "bulma-css-variables/sass/utilities/_all";
   │         ^^^^^^^^^^^^^^^^^^^^^^^^^^^^^^^^^^^^^^^^^
   ╵
    /home/ubuntu/boucle-runs/vikunja-clean/frontend/src/styles/common-imports.scss 16:9   @import
    /home/ubuntu/boucle-runs/vikunja-clean/frontend/src/components/misc/Shortcut.vue 2:9  root stylesheet

DEPRECATION WARNING [import]: Sass @import rules are deprecated and will be removed in Dart Sass 3.0.0.

More info and automated migrator: https://sass-lang.com/d/import

  ╷
2 │ @import "/home/ubuntu/boucle-runs/vikunja-clean/frontend/src/styles/common-imports.scss";
  │         ^^^^^^^^^^^^^^^^^^^^^^^^^^^^^^^^^^^^^^^^^^^^^^^^^^^^^^^^^^^^^^^^^^^^^^^^^^^^^^^^
  ╵
    /home/ubuntu/boucle-runs/vikunja-clean/frontend/src/components/project/partials/SortPopup.vue 2:9  root stylesheet

DEPRECATION WARNING [import]: Sass @import rules are deprecated and will be removed in Dart Sass 3.0.0.

More info and automated migrator: https://sass-lang.com/d/import

  ╷
2 │ @import "/home/ubuntu/boucle-runs/vikunja-clean/frontend/src/styles/common-imports.scss";
  │         ^^^^^^^^^^^^^^^^^^^^^^^^^^^^^^^^^^^^^^^^^^^^^^^^^^^^^^^^^^^^^^^^^^^^^^^^^^^^^^^^
  ╵
    /home/ubuntu/boucle-runs/vikunja-clean/frontend/src/components/tasks/partials/PriorityLabel.vue 2:9  root stylesheet

WARNING: 40 repetitive deprecation warnings omitted.
Run in verbose mode to see all warnings.

DEPRECATION WARNING [import]: Sass @import rules are deprecated and will be removed in Dart Sass 3.0.0.

More info and automated migrator: https://sass-lang.com/d/import

  ╷
2 │ @import "/home/ubuntu/boucle-runs/vikunja-clean/frontend/src/styles/common-imports.scss";
  │         ^^^^^^^^^^^^^^^^^^^^^^^^^^^^^^^^^^^^^^^^^^^^^^^^^^^^^^^^^^^^^^^^^^^^^^^^^^^^^^^^
  ╵
    /home/ubuntu/boucle-runs/vikunja-clean/frontend/src/components/time-tracking/TimerBadge.vue 2:9  root stylesheet

DEPRECATION WARNING [import]: Sass @import rules are deprecated and will be removed in Dart Sass 3.0.0.

More info and automated migrator: https://sass-lang.com/d/import

   ╷
16 │ @import "bulma-css-variables/sass/utilities/_all";
   │         ^^^^^^^^^^^^^^^^^^^^^^^^^^^^^^^^^^^^^^^^^
   ╵
    /home/ubuntu/boucle-runs/vikunja-clean/frontend/src/styles/common-imports.scss 16:9                @import
    /home/ubuntu/boucle-runs/vikunja-clean/frontend/src/components/project/partials/SortPopup.vue 2:9  root stylesheet

DEPRECATION WARNING [import]: Sass @import rules are deprecated and will be removed in Dart Sass 3.0.0.

More info and automated migrator: https://sass-lang.com/d/import

  ╷
2 │ @import "/home/ubuntu/boucle-runs/vikunja-clean/frontend/src/styles/common-imports.scss";
  │         ^^^^^^^^^^^^^^^^^^^^^^^^^^^^^^^^^^^^^^^^^^^^^^^^^^^^^^^^^^^^^^^^^^^^^^^^^^^^^^^^
  ╵
    /home/ubuntu/boucle-runs/vikunja-clean/frontend/src/components/quick-actions/QuickActions.vue 2:9  root stylesheet

DEPRECATION WARNING [import]: Sass @import rules are deprecated and will be removed in Dart Sass 3.0.0.

More info and automated migrator: https://sass-lang.com/d/import

  ╷
2 │ @import "/home/ubuntu/boucle-runs/vikunja-clean/frontend/src/styles/common-imports.scss";
  │         ^^^^^^^^^^^^^^^^^^^^^^^^^^^^^^^^^^^^^^^^^^^^^^^^^^^^^^^^^^^^^^^^^^^^^^^^^^^^^^^^
  ╵
    /home/ubuntu/boucle-runs/vikunja-clean/frontend/src/components/misc/ShortcutRecorder.vue 2:9  root stylesheet

DEPRECATION WARNING [import]: Sass @import rules are deprecated and will be removed in Dart Sass 3.0.0.

More info and automated migrator: https://sass-lang.com/d/import

   ╷
16 │ @import "bulma-css-variables/sass/utilities/_all";
   │         ^^^^^^^^^^^^^^^^^^^^^^^^^^^^^^^^^^^^^^^^^
   ╵
    /home/ubuntu/boucle-runs/vikunja-clean/frontend/src/styles/common-imports.scss 16:9                  @import
    /home/ubuntu/boucle-runs/vikunja-clean/frontend/src/components/tasks/partials/PriorityLabel.vue 2:9  root stylesheet

DEPRECATION WARNING [import]: Sass @import rules are deprecated and will be removed in Dart Sass 3.0.0.

More info and automated migrator: https://sass-lang.com/d/import

   ╷
16 │ @import "bulma-css-variables/sass/utilities/_all";
   │         ^^^^^^^^^^^^^^^^^^^^^^^^^^^^^^^^^^^^^^^^^
   ╵
    /home/ubuntu/boucle-runs/vikunja-clean/frontend/src/styles/common-imports.scss 16:9              @import
    /home/ubuntu/boucle-runs/vikunja-clean/frontend/src/components/time-tracking/TimerBadge.vue 2:9  root stylesheet

DEPRECATION WARNING [import]: Sass @import rules are deprecated and will be removed in Dart Sass 3.0.0.

More info and automated migrator: https://sass-lang.com/d/import

   ╷
16 │ @import "bulma-css-variables/sass/utilities/_all";
   │         ^^^^^^^^^^^^^^^^^^^^^^^^^^^^^^^^^^^^^^^^^
   ╵
    /home/ubuntu/boucle-runs/vikunja-clean/frontend/src/styles/common-imports.scss 16:9                @import
    /home/ubuntu/boucle-runs/vikunja-clean/frontend/src/components/quick-actions/QuickActions.vue 2:9  root stylesheet

DEPRECATION WARNING [import]: Sass @import rules are deprecated and will be removed in Dart Sass 3.0.0.

More info and automated migrator: https://sass-lang.com/d/import

   ╷
16 │ @import "bulma-css-variables/sass/utilities/_all";
   │         ^^^^^^^^^^^^^^^^^^^^^^^^^^^^^^^^^^^^^^^^^
   ╵
    /home/ubuntu/boucle-runs/vikunja-clean/frontend/src/styles/common-imports.scss 16:9           @import
    /home/ubuntu/boucle-runs/vikunja-clean/frontend/src/components/misc/ShortcutRecorder.vue 2:9  root stylesheet

DEPRECATION WARNING [import]: Sass @import rules are deprecated and will be removed in Dart Sass 3.0.0.

More info and automated migrator: https://sass-lang.com/d/import

  ╷
2 │ @import "/home/ubuntu/boucle-runs/vikunja-clean/frontend/src/styles/common-imports.scss";
  │         ^^^^^^^^^^^^^^^^^^^^^^^^^^^^^^^^^^^^^^^^^^^^^^^^^^^^^^^^^^^^^^^^^^^^^^^^^^^^^^^^
  ╵
    /home/ubuntu/boucle-runs/vikunja-clean/frontend/src/components/misc/Legal.vue 2:9  root stylesheet

DEPRECATION WARNING [import]: Sass @import rules are deprecated and will be removed in Dart Sass 3.0.0.

More info and automated migrator: https://sass-lang.com/d/import

  ╷
2 │ @import "/home/ubuntu/boucle-runs/vikunja-clean/frontend/src/styles/common-imports.scss";
  │         ^^^^^^^^^^^^^^^^^^^^^^^^^^^^^^^^^^^^^^^^^^^^^^^^^^^^^^^^^^^^^^^^^^^^^^^^^^^^^^^^
  ╵
    /home/ubuntu/boucle-runs/vikunja-clean/frontend/src/components/misc/ApiConfig.vue 2:9  root stylesheet

DEPRECATION WARNING [import]: Sass @import rules are deprecated and will be removed in Dart Sass 3.0.0.

More info and automated migrator: https://sass-lang.com/d/import

  ╷
2 │ @import "/home/ubuntu/boucle-runs/vikunja-clean/frontend/src/styles/common-imports.scss";
  │         ^^^^^^^^^^^^^^^^^^^^^^^^^^^^^^^^^^^^^^^^^^^^^^^^^^^^^^^^^^^^^^^^^^^^^^^^^^^^^^^^
  ╵
    /home/ubuntu/boucle-runs/vikunja-clean/frontend/src/components/misc/UserAvatar.vue 2:9  root stylesheet

DEPRECATION WARNING [import]: Sass @import rules are deprecated and will be removed in Dart Sass 3.0.0.

More info and automated migrator: https://sass-lang.com/d/import

   ╷
16 │ @import "bulma-css-variables/sass/utilities/_all";
   │         ^^^^^^^^^^^^^^^^^^^^^^^^^^^^^^^^^^^^^^^^^
   ╵
    /home/ubuntu/boucle-runs/vikunja-clean/frontend/src/styles/common-imports.scss 16:9    @import
    /home/ubuntu/boucle-runs/vikunja-clean/frontend/src/components/misc/ApiConfig.vue 2:9  root stylesheet

DEPRECATION WARNING [import]: Sass @import rules are deprecated and will be removed in Dart Sass 3.0.0.

More info and automated migrator: https://sass-lang.com/d/import

   ╷
16 │ @import "bulma-css-variables/sass/utilities/_all";
   │         ^^^^^^^^^^^^^^^^^^^^^^^^^^^^^^^^^^^^^^^^^
   ╵
    /home/ubuntu/boucle-runs/vikunja-clean/frontend/src/styles/common-imports.scss 16:9  @import
    /home/ubuntu/boucle-runs/vikunja-clean/frontend/src/components/misc/Legal.vue 2:9    root stylesheet

DEPRECATION WARNING [import]: Sass @import rules are deprecated and will be removed in Dart Sass 3.0.0.

More info and automated migrator: https://sass-lang.com/d/import

  ╷
2 │ @import "/home/ubuntu/boucle-runs/vikunja-clean/frontend/src/styles/common-imports.scss";
  │         ^^^^^^^^^^^^^^^^^^^^^^^^^^^^^^^^^^^^^^^^^^^^^^^^^^^^^^^^^^^^^^^^^^^^^^^^^^^^^^^^
  ╵
    /home/ubuntu/boucle-runs/vikunja-clean/frontend/src/components/project/ProjectWrapper.vue 2:9  root stylesheet

DEPRECATION WARNING [import]: Sass @import rules are deprecated and will be removed in Dart Sass 3.0.0.

More info and automated migrator: https://sass-lang.com/d/import

   ╷
16 │ @import "bulma-css-variables/sass/utilities/_all";
   │         ^^^^^^^^^^^^^^^^^^^^^^^^^^^^^^^^^^^^^^^^^
   ╵
    /home/ubuntu/boucle-runs/vikunja-clean/frontend/src/styles/common-imports.scss 16:9     @import
    /home/ubuntu/boucle-runs/vikunja-clean/frontend/src/components/misc/UserAvatar.vue 2:9  root stylesheet

DEPRECATION WARNING [import]: Sass @import rules are deprecated and will be removed in Dart Sass 3.0.0.

More info and automated migrator: https://sass-lang.com/d/import

   ╷
16 │ @import "bulma-css-variables/sass/utilities/_all";
   │         ^^^^^^^^^^^^^^^^^^^^^^^^^^^^^^^^^^^^^^^^^
   ╵
    /home/ubuntu/boucle-runs/vikunja-clean/frontend/src/styles/common-imports.scss 16:9            @import
    /home/ubuntu/boucle-runs/vikunja-clean/frontend/src/components/project/ProjectWrapper.vue 2:9  root stylesheet

DEPRECATION WARNING [import]: Sass @import rules are deprecated and will be removed in Dart Sass 3.0.0.

More info and automated migrator: https://sass-lang.com/d/import

  ╷
2 │ @import "/home/ubuntu/boucle-runs/vikunja-clean/frontend/src/styles/common-imports.scss";
  │         ^^^^^^^^^^^^^^^^^^^^^^^^^^^^^^^^^^^^^^^^^^^^^^^^^^^^^^^^^^^^^^^^^^^^^^^^^^^^^^^^
  ╵
    /home/ubuntu/boucle-runs/vikunja-clean/frontend/src/components/input/filter/FilterInput.vue 2:9  root stylesheet

DEPRECATION WARNING [import]: Sass @import rules are deprecated and will be removed in Dart Sass 3.0.0.

More info and automated migrator: https://sass-lang.com/d/import

  ╷
2 │ @import "/home/ubuntu/boucle-runs/vikunja-clean/frontend/src/styles/common-imports.scss";
  │         ^^^^^^^^^^^^^^^^^^^^^^^^^^^^^^^^^^^^^^^^^^^^^^^^^^^^^^^^^^^^^^^^^^^^^^^^^^^^^^^^
  ╵
    /home/ubuntu/boucle-runs/vikunja-clean/frontend/src/components/misc/ButtonLink.vue 2:9  root stylesheet

DEPRECATION WARNING [import]: Sass @import rules are deprecated and will be removed in Dart Sass 3.0.0.

More info and automated migrator: https://sass-lang.com/d/import

   ╷
16 │ @import "bulma-css-variables/sass/utilities/_all";
   │         ^^^^^^^^^^^^^^^^^^^^^^^^^^^^^^^^^^^^^^^^^
   ╵
    /home/ubuntu/boucle-runs/vikunja-clean/frontend/src/styles/common-imports.scss 16:9              @import
    /home/ubuntu/boucle-runs/vikunja-clean/frontend/src/components/input/filter/FilterInput.vue 2:9  root stylesheet

DEPRECATION WARNING [import]: Sass @import rules are deprecated and will be removed in Dart Sass 3.0.0.

More info and automated migrator: https://sass-lang.com/d/import

   ╷
16 │ @import "bulma-css-variables/sass/utilities/_all";
   │         ^^^^^^^^^^^^^^^^^^^^^^^^^^^^^^^^^^^^^^^^^
   ╵
    /home/ubuntu/boucle-runs/vikunja-clean/frontend/src/styles/common-imports.scss 16:9     @import
    /home/ubuntu/boucle-runs/vikunja-clean/frontend/src/components/misc/ButtonLink.vue 2:9  root stylesheet

DEPRECATION WARNING [import]: Sass @import rules are deprecated and will be removed in Dart Sass 3.0.0.

More info and automated migrator: https://sass-lang.com/d/import

  ╷
2 │ @import "/home/ubuntu/boucle-runs/vikunja-clean/frontend/src/styles/common-imports.scss";
  │         ^^^^^^^^^^^^^^^^^^^^^^^^^^^^^^^^^^^^^^^^^^^^^^^^^^^^^^^^^^^^^^^^^^^^^^^^^^^^^^^^
  ╵
    /home/ubuntu/boucle-runs/vikunja-clean/frontend/src/components/misc/PaginationItem.vue 2:9  root stylesheet

DEPRECATION WARNING [import]: Sass @import rules are deprecated and will be removed in Dart Sass 3.0.0.

More info and automated migrator: https://sass-lang.com/d/import

   ╷
16 │ @import "bulma-css-variables/sass/utilities/_all";
   │         ^^^^^^^^^^^^^^^^^^^^^^^^^^^^^^^^^^^^^^^^^
   ╵
    /home/ubuntu/boucle-runs/vikunja-clean/frontend/src/styles/common-imports.scss 16:9         @import
    /home/ubuntu/boucle-runs/vikunja-clean/frontend/src/components/misc/PaginationItem.vue 2:9  root stylesheet

DEPRECATION WARNING [import]: Sass @import rules are deprecated and will be removed in Dart Sass 3.0.0.

More info and automated migrator: https://sass-lang.com/d/import

  ╷
2 │ @import "/home/ubuntu/boucle-runs/vikunja-clean/frontend/src/styles/common-imports.scss";
  │         ^^^^^^^^^^^^^^^^^^^^^^^^^^^^^^^^^^^^^^^^^^^^^^^^^^^^^^^^^^^^^^^^^^^^^^^^^^^^^^^^
  ╵
    /home/ubuntu/boucle-runs/vikunja-clean/frontend/src/components/misc/PaginationItem.vue 2:9  root stylesheet

DEPRECATION WARNING [import]: Sass @import rules are deprecated and will be removed in Dart Sass 3.0.0.

More info and automated migrator: https://sass-lang.com/d/import

  ╷
2 │ @import "/home/ubuntu/boucle-runs/vikunja-clean/frontend/src/styles/common-imports.scss";
  │         ^^^^^^^^^^^^^^^^^^^^^^^^^^^^^^^^^^^^^^^^^^^^^^^^^^^^^^^^^^^^^^^^^^^^^^^^^^^^^^^^
  ╵
    /home/ubuntu/boucle-runs/vikunja-clean/frontend/src/components/home/Navigation.vue 2:9  root stylesheet

DEPRECATION WARNING [import]: Sass @import rules are deprecated and will be removed in Dart Sass 3.0.0.

More info and automated migrator: https://sass-lang.com/d/import

  ╷
2 │ @import "/home/ubuntu/boucle-runs/vikunja-clean/frontend/src/styles/common-imports.scss";
  │         ^^^^^^^^^^^^^^^^^^^^^^^^^^^^^^^^^^^^^^^^^^^^^^^^^^^^^^^^^^^^^^^^^^^^^^^^^^^^^^^^
  ╵
    /home/ubuntu/boucle-runs/vikunja-clean/frontend/src/components/date/DatepickerShell.vue 2:9  root stylesheet

DEPRECATION WARNING [import]: Sass @import rules are deprecated and will be removed in Dart Sass 3.0.0.

More info and automated migrator: https://sass-lang.com/d/import

  ╷
2 │ @import "/home/ubuntu/boucle-runs/vikunja-clean/frontend/src/styles/common-imports.scss";
  │         ^^^^^^^^^^^^^^^^^^^^^^^^^^^^^^^^^^^^^^^^^^^^^^^^^^^^^^^^^^^^^^^^^^^^^^^^^^^^^^^^
  ╵
    /home/ubuntu/boucle-runs/vikunja-clean/frontend/src/components/home/PoweredByLink.vue 2:9  root stylesheet

DEPRECATION WARNING [import]: Sass @import rules are deprecated and will be removed in Dart Sass 3.0.0.

More info and automated migrator: https://sass-lang.com/d/import

  ╷
2 │ @import "/home/ubuntu/boucle-runs/vikunja-clean/frontend/src/styles/common-imports.scss";
  │         ^^^^^^^^^^^^^^^^^^^^^^^^^^^^^^^^^^^^^^^^^^^^^^^^^^^^^^^^^^^^^^^^^^^^^^^^^^^^^^^^
  ╵
    /home/ubuntu/boucle-runs/vikunja-clean/frontend/src/components/input/editor/mention/MentionUser.vue 2:9  root stylesheet

DEPRECATION WARNING [import]: Sass @import rules are deprecated and will be removed in Dart Sass 3.0.0.

More info and automated migrator: https://sass-lang.com/d/import

  ╷
2 │ @import "/home/ubuntu/boucle-runs/vikunja-clean/frontend/src/styles/common-imports.scss";
  │         ^^^^^^^^^^^^^^^^^^^^^^^^^^^^^^^^^^^^^^^^^^^^^^^^^^^^^^^^^^^^^^^^^^^^^^^^^^^^^^^^
  ╵
    /home/ubuntu/boucle-runs/vikunja-clean/frontend/src/components/tasks/partials/FilePreview.vue 2:9  root stylesheet

DEPRECATION WARNING [import]: Sass @import rules are deprecated and will be removed in Dart Sass 3.0.0.

More info and automated migrator: https://sass-lang.com/d/import

  ╷
2 │ @import "/home/ubuntu/boucle-runs/vikunja-clean/frontend/src/styles/common-imports.scss";
  │         ^^^^^^^^^^^^^^^^^^^^^^^^^^^^^^^^^^^^^^^^^^^^^^^^^^^^^^^^^^^^^^^^^^^^^^^^^^^^^^^^
  ╵
    /home/ubuntu/boucle-runs/vikunja-clean/frontend/src/components/input/editor/EditorToolbar.vue 2:9  root stylesheet

DEPRECATION WARNING [import]: Sass @import rules are deprecated and will be removed in Dart Sass 3.0.0.

More info and automated migrator: https://sass-lang.com/d/import

   ╷
16 │ @import "bulma-css-variables/sass/utilities/_all";
   │         ^^^^^^^^^^^^^^^^^^^^^^^^^^^^^^^^^^^^^^^^^
   ╵
    /home/ubuntu/boucle-runs/vikunja-clean/frontend/src/styles/common-imports.scss 16:9         @import
    /home/ubuntu/boucle-runs/vikunja-clean/frontend/src/components/misc/PaginationItem.vue 2:9  root stylesheet

DEPRECATION WARNING [import]: Sass @import rules are deprecated and will be removed in Dart Sass 3.0.0.

More info and automated migrator: https://sass-lang.com/d/import

  ╷
2 │ @import "/home/ubuntu/boucle-runs/vikunja-clean/frontend/src/styles/common-imports.scss";
  │         ^^^^^^^^^^^^^^^^^^^^^^^^^^^^^^^^^^^^^^^^^^^^^^^^^^^^^^^^^^^^^^^^^^^^^^^^^^^^^^^^
  ╵
    /home/ubuntu/boucle-runs/vikunja-clean/frontend/src/components/input/SimpleButton.vue 2:9  root stylesheet

DEPRECATION WARNING [import]: Sass @import rules are deprecated and will be removed in Dart Sass 3.0.0.

More info and automated migrator: https://sass-lang.com/d/import

   ╷
16 │ @import "bulma-css-variables/sass/utilities/_all";
   │         ^^^^^^^^^^^^^^^^^^^^^^^^^^^^^^^^^^^^^^^^^
   ╵
    /home/ubuntu/boucle-runs/vikunja-clean/frontend/src/styles/common-imports.scss 16:9          @import
    /home/ubuntu/boucle-runs/vikunja-clean/frontend/src/components/date/DatepickerShell.vue 2:9  root stylesheet

DEPRECATION WARNING [import]: Sass @import rules are deprecated and will be removed in Dart Sass 3.0.0.

More info and automated migrator: https://sass-lang.com/d/import

   ╷
16 │ @import "bulma-css-variables/sass/utilities/_all";
   │         ^^^^^^^^^^^^^^^^^^^^^^^^^^^^^^^^^^^^^^^^^
   ╵
    /home/ubuntu/boucle-runs/vikunja-clean/frontend/src/styles/common-imports.scss 16:9     @import
    /home/ubuntu/boucle-runs/vikunja-clean/frontend/src/components/home/Navigation.vue 2:9  root stylesheet

DEPRECATION WARNING [import]: Sass @import rules are deprecated and will be removed in Dart Sass 3.0.0.

More info and automated migrator: https://sass-lang.com/d/import

   ╷
16 │ @import "bulma-css-variables/sass/utilities/_all";
   │         ^^^^^^^^^^^^^^^^^^^^^^^^^^^^^^^^^^^^^^^^^
   ╵
    /home/ubuntu/boucle-runs/vikunja-clean/frontend/src/styles/common-imports.scss 16:9        @import
    /home/ubuntu/boucle-runs/vikunja-clean/frontend/src/components/home/PoweredByLink.vue 2:9  root stylesheet

DEPRECATION WARNING [import]: Sass @import rules are deprecated and will be removed in Dart Sass 3.0.0.

More info and automated migrator: https://sass-lang.com/d/import

   ╷
16 │ @import "bulma-css-variables/sass/utilities/_all";
   │         ^^^^^^^^^^^^^^^^^^^^^^^^^^^^^^^^^^^^^^^^^
   ╵
    /home/ubuntu/boucle-runs/vikunja-clean/frontend/src/styles/common-imports.scss 16:9                @import
    /home/ubuntu/boucle-runs/vikunja-clean/frontend/src/components/tasks/partials/FilePreview.vue 2:9  root stylesheet

DEPRECATION WARNING [import]: Sass @import rules are deprecated and will be removed in Dart Sass 3.0.0.

More info and automated migrator: https://sass-lang.com/d/import

   ╷
16 │ @import "bulma-css-variables/sass/utilities/_all";
   │         ^^^^^^^^^^^^^^^^^^^^^^^^^^^^^^^^^^^^^^^^^
   ╵
    /home/ubuntu/boucle-runs/vikunja-clean/frontend/src/styles/common-imports.scss 16:9                      @import
    /home/ubuntu/boucle-runs/vikunja-clean/frontend/src/components/input/editor/mention/MentionUser.vue 2:9  root stylesheet

DEPRECATION WARNING [import]: Sass @import rules are deprecated and will be removed in Dart Sass 3.0.0.

More info and automated migrator: https://sass-lang.com/d/import

   ╷
16 │ @import "bulma-css-variables/sass/utilities/_all";
   │         ^^^^^^^^^^^^^^^^^^^^^^^^^^^^^^^^^^^^^^^^^
   ╵
    /home/ubuntu/boucle-runs/vikunja-clean/frontend/src/styles/common-imports.scss 16:9                @import
    /home/ubuntu/boucle-runs/vikunja-clean/frontend/src/components/input/editor/EditorToolbar.vue 2:9  root stylesheet

DEPRECATION WARNING [import]: Sass @import rules are deprecated and will be removed in Dart Sass 3.0.0.

More info and automated migrator: https://sass-lang.com/d/import

   ╷
16 │ @import "bulma-css-variables/sass/utilities/_all";
   │         ^^^^^^^^^^^^^^^^^^^^^^^^^^^^^^^^^^^^^^^^^
   ╵
    /home/ubuntu/boucle-runs/vikunja-clean/frontend/src/styles/common-imports.scss 16:9        @import
    /home/ubuntu/boucle-runs/vikunja-clean/frontend/src/components/input/SimpleButton.vue 2:9  root stylesheet

DEPRECATION WARNING [import]: Sass @import rules are deprecated and will be removed in Dart Sass 3.0.0.

More info and automated migrator: https://sass-lang.com/d/import

  ╷
2 │ @import "/home/ubuntu/boucle-runs/vikunja-clean/frontend/src/styles/common-imports.scss";
  │         ^^^^^^^^^^^^^^^^^^^^^^^^^^^^^^^^^^^^^^^^^^^^^^^^^^^^^^^^^^^^^^^^^^^^^^^^^^^^^^^^
  ╵
    /home/ubuntu/boucle-runs/vikunja-clean/frontend/src/components/tasks/partials/DeferTask.vue 2:9  root stylesheet

DEPRECATION WARNING [import]: Sass @import rules are deprecated and will be removed in Dart Sass 3.0.0.

More info and automated migrator: https://sass-lang.com/d/import

  ╷
2 │ @import "/home/ubuntu/boucle-runs/vikunja-clean/frontend/src/styles/common-imports.scss";
  │         ^^^^^^^^^^^^^^^^^^^^^^^^^^^^^^^^^^^^^^^^^^^^^^^^^^^^^^^^^^^^^^^^^^^^^^^^^^^^^^^^
  ╵
    /home/ubuntu/boucle-runs/vikunja-clean/frontend/src/components/misc/ProgressBar.vue 2:9  root stylesheet

DEPRECATION WARNING [import]: Sass @import rules are deprecated and will be removed in Dart Sass 3.0.0.

More info and automated migrator: https://sass-lang.com/d/import

  ╷
2 │ @import "/home/ubuntu/boucle-runs/vikunja-clean/frontend/src/styles/common-imports.scss";
  │         ^^^^^^^^^^^^^^^^^^^^^^^^^^^^^^^^^^^^^^^^^^^^^^^^^^^^^^^^^^^^^^^^^^^^^^^^^^^^^^^^
  ╵
    /home/ubuntu/boucle-runs/vikunja-clean/frontend/src/components/tasks/partials/AudioPreview.vue 2:9  root stylesheet

DEPRECATION WARNING [import]: Sass @import rules are deprecated and will be removed in Dart Sass 3.0.0.

More info and automated migrator: https://sass-lang.com/d/import

   ╷
16 │ @import "bulma-css-variables/sass/utilities/_all";
   │         ^^^^^^^^^^^^^^^^^^^^^^^^^^^^^^^^^^^^^^^^^
   ╵
    /home/ubuntu/boucle-runs/vikunja-clean/frontend/src/styles/common-imports.scss 16:9      @import
    /home/ubuntu/boucle-runs/vikunja-clean/frontend/src/components/misc/ProgressBar.vue 2:9  root stylesheet

DEPRECATION WARNING [import]: Sass @import rules are deprecated and will be removed in Dart Sass 3.0.0.

More info and automated migrator: https://sass-lang.com/d/import

   ╷
16 │ @import "bulma-css-variables/sass/utilities/_all";
   │         ^^^^^^^^^^^^^^^^^^^^^^^^^^^^^^^^^^^^^^^^^
   ╵
    /home/ubuntu/boucle-runs/vikunja-clean/frontend/src/styles/common-imports.scss 16:9              @import
    /home/ubuntu/boucle-runs/vikunja-clean/frontend/src/components/tasks/partials/DeferTask.vue 2:9  root stylesheet

DEPRECATION WARNING [import]: Sass @import rules are deprecated and will be removed in Dart Sass 3.0.0.

More info and automated migrator: https://sass-lang.com/d/import

   ╷
16 │ @import "bulma-css-variables/sass/utilities/_all";
   │         ^^^^^^^^^^^^^^^^^^^^^^^^^^^^^^^^^^^^^^^^^
   ╵
    /home/ubuntu/boucle-runs/vikunja-clean/frontend/src/styles/common-imports.scss 16:9                 @import
    /home/ubuntu/boucle-runs/vikunja-clean/frontend/src/components/tasks/partials/AudioPreview.vue 2:9  root stylesheet

DEPRECATION WARNING [import]: Sass @import rules are deprecated and will be removed in Dart Sass 3.0.0.

More info and automated migrator: https://sass-lang.com/d/import

  ╷
2 │ @import "/home/ubuntu/boucle-runs/vikunja-clean/frontend/src/styles/common-imports.scss";
  │         ^^^^^^^^^^^^^^^^^^^^^^^^^^^^^^^^^^^^^^^^^^^^^^^^^^^^^^^^^^^^^^^^^^^^^^^^^^^^^^^^
  ╵
    /home/ubuntu/boucle-runs/vikunja-clean/frontend/src/components/project/partials/ProjectCard.vue 2:9  root stylesheet

DEPRECATION WARNING [import]: Sass @import rules are deprecated and will be removed in Dart Sass 3.0.0.

More info and automated migrator: https://sass-lang.com/d/import

   ╷
16 │ @import "bulma-css-variables/sass/utilities/_all";
   │         ^^^^^^^^^^^^^^^^^^^^^^^^^^^^^^^^^^^^^^^^^
   ╵
    /home/ubuntu/boucle-runs/vikunja-clean/frontend/src/styles/common-imports.scss 16:9                  @import
    /home/ubuntu/boucle-runs/vikunja-clean/frontend/src/components/project/partials/ProjectCard.vue 2:9  root stylesheet

DEPRECATION WARNING [import]: Sass @import rules are deprecated and will be removed in Dart Sass 3.0.0.

More info and automated migrator: https://sass-lang.com/d/import

  ╷
2 │ @import "/home/ubuntu/boucle-runs/vikunja-clean/frontend/src/styles/common-imports.scss";
  │         ^^^^^^^^^^^^^^^^^^^^^^^^^^^^^^^^^^^^^^^^^^^^^^^^^^^^^^^^^^^^^^^^^^^^^^^^^^^^^^^^
  ╵
    /home/ubuntu/boucle-runs/vikunja-clean/frontend/src/components/tasks/partials/QuickAddMagic.vue 2:9  root stylesheet

DEPRECATION WARNING [import]: Sass @import rules are deprecated and will be removed in Dart Sass 3.0.0.

More info and automated migrator: https://sass-lang.com/d/import

  ╷
2 │ @import "/home/ubuntu/boucle-runs/vikunja-clean/frontend/src/styles/common-imports.scss";
  │         ^^^^^^^^^^^^^^^^^^^^^^^^^^^^^^^^^^^^^^^^^^^^^^^^^^^^^^^^^^^^^^^^^^^^^^^^^^^^^^^^
  ╵
    /home/ubuntu/boucle-runs/vikunja-clean/frontend/src/components/misc/ImageLightbox.vue 2:9  root stylesheet

DEPRECATION WARNING [import]: Sass @import rules are deprecated and will be removed in Dart Sass 3.0.0.

More info and automated migrator: https://sass-lang.com/d/import

   ╷
16 │ @import "bulma-css-variables/sass/utilities/_all";
   │         ^^^^^^^^^^^^^^^^^^^^^^^^^^^^^^^^^^^^^^^^^
   ╵
    /home/ubuntu/boucle-runs/vikunja-clean/frontend/src/styles/common-imports.scss 16:9                  @import
    /home/ubuntu/boucle-runs/vikunja-clean/frontend/src/components/tasks/partials/QuickAddMagic.vue 2:9  root stylesheet

DEPRECATION WARNING [import]: Sass @import rules are deprecated and will be removed in Dart Sass 3.0.0.

More info and automated migrator: https://sass-lang.com/d/import

   ╷
16 │ @import "bulma-css-variables/sass/utilities/_all";
   │         ^^^^^^^^^^^^^^^^^^^^^^^^^^^^^^^^^^^^^^^^^
   ╵
    /home/ubuntu/boucle-runs/vikunja-clean/frontend/src/styles/common-imports.scss 16:9        @import
    /home/ubuntu/boucle-runs/vikunja-clean/frontend/src/components/misc/ImageLightbox.vue 2:9  root stylesheet

DEPRECATION WARNING [import]: Sass @import rules are deprecated and will be removed in Dart Sass 3.0.0.

More info and automated migrator: https://sass-lang.com/d/import

  ╷
2 │ @import "/home/ubuntu/boucle-runs/vikunja-clean/frontend/src/styles/common-imports.scss";
  │         ^^^^^^^^^^^^^^^^^^^^^^^^^^^^^^^^^^^^^^^^^^^^^^^^^^^^^^^^^^^^^^^^^^^^^^^^^^^^^^^^
  ╵
    /home/ubuntu/boucle-runs/vikunja-clean/frontend/src/components/tasks/partials/ReminderDetail.vue 2:9  root stylesheet

DEPRECATION WARNING [import]: Sass @import rules are deprecated and will be removed in Dart Sass 3.0.0.

More info and automated migrator: https://sass-lang.com/d/import

   ╷
16 │ @import "bulma-css-variables/sass/utilities/_all";
   │         ^^^^^^^^^^^^^^^^^^^^^^^^^^^^^^^^^^^^^^^^^
   ╵
    /home/ubuntu/boucle-runs/vikunja-clean/frontend/src/styles/common-imports.scss 16:9                   @import
    /home/ubuntu/boucle-runs/vikunja-clean/frontend/src/components/tasks/partials/ReminderDetail.vue 2:9  root stylesheet

DEPRECATION WARNING [import]: Sass @import rules are deprecated and will be removed in Dart Sass 3.0.0.

More info and automated migrator: https://sass-lang.com/d/import

  ╷
2 │ @import "/home/ubuntu/boucle-runs/vikunja-clean/frontend/src/styles/common-imports.scss";
  │         ^^^^^^^^^^^^^^^^^^^^^^^^^^^^^^^^^^^^^^^^^^^^^^^^^^^^^^^^^^^^^^^^^^^^^^^^^^^^^^^^
  ╵
    /home/ubuntu/boucle-runs/vikunja-clean/frontend/src/components/input/DatepickerInline.vue 2:9  root stylesheet

DEPRECATION WARNING [import]: Sass @import rules are deprecated and will be removed in Dart Sass 3.0.0.

More info and automated migrator: https://sass-lang.com/d/import

  ╷
2 │ @import "/home/ubuntu/boucle-runs/vikunja-clean/frontend/src/styles/common-imports.scss";
  │         ^^^^^^^^^^^^^^^^^^^^^^^^^^^^^^^^^^^^^^^^^^^^^^^^^^^^^^^^^^^^^^^^^^^^^^^^^^^^^^^^
  ╵
    /home/ubuntu/boucle-runs/vikunja-clean/frontend/src/components/input/datepicker/CalendarMonth.vue 2:9  root stylesheet

DEPRECATION WARNING [import]: Sass @import rules are deprecated and will be removed in Dart Sass 3.0.0.

More info and automated migrator: https://sass-lang.com/d/import

  ╷
2 │ @import "/home/ubuntu/boucle-runs/vikunja-clean/frontend/src/styles/common-imports.scss";
  │         ^^^^^^^^^^^^^^^^^^^^^^^^^^^^^^^^^^^^^^^^^^^^^^^^^^^^^^^^^^^^^^^^^^^^^^^^^^^^^^^^
  ╵
    /home/ubuntu/boucle-runs/vikunja-clean/frontend/src/components/input/editor/mention/MentionList.vue 2:9  root stylesheet

DEPRECATION WARNING [import]: Sass @import rules are deprecated and will be removed in Dart Sass 3.0.0.

More info and automated migrator: https://sass-lang.com/d/import

  ╷
2 │ @import "/home/ubuntu/boucle-runs/vikunja-clean/frontend/src/styles/common-imports.scss";
  │         ^^^^^^^^^^^^^^^^^^^^^^^^^^^^^^^^^^^^^^^^^^^^^^^^^^^^^^^^^^^^^^^^^^^^^^^^^^^^^^^^
  ╵
    /home/ubuntu/boucle-runs/vikunja-clean/frontend/src/components/input/editor/TaskLinkView.vue 2:9  root stylesheet

DEPRECATION WARNING [import]: Sass @import rules are deprecated and will be removed in Dart Sass 3.0.0.

More info and automated migrator: https://sass-lang.com/d/import

  ╷
2 │ @import "/home/ubuntu/boucle-runs/vikunja-clean/frontend/src/styles/common-imports.scss";
  │         ^^^^^^^^^^^^^^^^^^^^^^^^^^^^^^^^^^^^^^^^^^^^^^^^^^^^^^^^^^^^^^^^^^^^^^^^^^^^^^^^
  ╵
    /home/ubuntu/boucle-runs/vikunja-clean/frontend/src/components/tasks/partials/SingleTaskInlineReadonly.vue 2:9  root stylesheet

DEPRECATION WARNING [import]: Sass @import rules are deprecated and will be removed in Dart Sass 3.0.0.

More info and automated migrator: https://sass-lang.com/d/import

   ╷
16 │ @import "bulma-css-variables/sass/utilities/_all";
   │         ^^^^^^^^^^^^^^^^^^^^^^^^^^^^^^^^^^^^^^^^^
   ╵
    /home/ubuntu/boucle-runs/vikunja-clean/frontend/src/styles/common-imports.scss 16:9            @import
    /home/ubuntu/boucle-runs/vikunja-clean/frontend/src/components/input/DatepickerInline.vue 2:9  root stylesheet

DEPRECATION WARNING [import]: Sass @import rules are deprecated and will be removed in Dart Sass 3.0.0.

More info and automated migrator: https://sass-lang.com/d/import

   ╷
16 │ @import "bulma-css-variables/sass/utilities/_all";
   │         ^^^^^^^^^^^^^^^^^^^^^^^^^^^^^^^^^^^^^^^^^
   ╵
    /home/ubuntu/boucle-runs/vikunja-clean/frontend/src/styles/common-imports.scss 16:9                      @import
    /home/ubuntu/boucle-runs/vikunja-clean/frontend/src/components/input/editor/mention/MentionList.vue 2:9  root stylesheet

DEPRECATION WARNING [import]: Sass @import rules are deprecated and will be removed in Dart Sass 3.0.0.

More info and automated migrator: https://sass-lang.com/d/import

   ╷
16 │ @import "bulma-css-variables/sass/utilities/_all";
   │         ^^^^^^^^^^^^^^^^^^^^^^^^^^^^^^^^^^^^^^^^^
   ╵
    /home/ubuntu/boucle-runs/vikunja-clean/frontend/src/styles/common-imports.scss 16:9               @import
    /home/ubuntu/boucle-runs/vikunja-clean/frontend/src/components/input/editor/TaskLinkView.vue 2:9  root stylesheet

DEPRECATION WARNING [import]: Sass @import rules are deprecated and will be removed in Dart Sass 3.0.0.

More info and automated migrator: https://sass-lang.com/d/import

   ╷
16 │ @import "bulma-css-variables/sass/utilities/_all";
   │         ^^^^^^^^^^^^^^^^^^^^^^^^^^^^^^^^^^^^^^^^^
   ╵
    /home/ubuntu/boucle-runs/vikunja-clean/frontend/src/styles/common-imports.scss 16:9                    @import
    /home/ubuntu/boucle-runs/vikunja-clean/frontend/src/components/input/datepicker/CalendarMonth.vue 2:9  root stylesheet

DEPRECATION WARNING [import]: Sass @import rules are deprecated and will be removed in Dart Sass 3.0.0.

More info and automated migrator: https://sass-lang.com/d/import

  ╷
2 │ @import "/home/ubuntu/boucle-runs/vikunja-clean/frontend/src/styles/common-imports.scss";
  │         ^^^^^^^^^^^^^^^^^^^^^^^^^^^^^^^^^^^^^^^^^^^^^^^^^^^^^^^^^^^^^^^^^^^^^^^^^^^^^^^^
  ╵
    /home/ubuntu/boucle-runs/vikunja-clean/frontend/src/components/input/editor/BlockquoteCommentView.vue 2:9  root stylesheet

DEPRECATION WARNING [import]: Sass @import rules are deprecated and will be removed in Dart Sass 3.0.0.

More info and automated migrator: https://sass-lang.com/d/import

   ╷
16 │ @import "bulma-css-variables/sass/utilities/_all";
   │         ^^^^^^^^^^^^^^^^^^^^^^^^^^^^^^^^^^^^^^^^^
   ╵
    /home/ubuntu/boucle-runs/vikunja-clean/frontend/src/styles/common-imports.scss 16:9                             @import
    /home/ubuntu/boucle-runs/vikunja-clean/frontend/src/components/tasks/partials/SingleTaskInlineReadonly.vue 2:9  root stylesheet

DEPRECATION WARNING [import]: Sass @import rules are deprecated and will be removed in Dart Sass 3.0.0.

More info and automated migrator: https://sass-lang.com/d/import

  ╷
2 │ @import "/home/ubuntu/boucle-runs/vikunja-clean/frontend/src/styles/common-imports.scss";
  │         ^^^^^^^^^^^^^^^^^^^^^^^^^^^^^^^^^^^^^^^^^^^^^^^^^^^^^^^^^^^^^^^^^^^^^^^^^^^^^^^^
  ╵
    /home/ubuntu/boucle-runs/vikunja-clean/frontend/src/components/date/DatepickerWithValues.vue 2:9  root stylesheet

DEPRECATION WARNING [import]: Sass @import rules are deprecated and will be removed in Dart Sass 3.0.0.

More info and automated migrator: https://sass-lang.com/d/import

   ╷
16 │ @import "bulma-css-variables/sass/utilities/_all";
   │         ^^^^^^^^^^^^^^^^^^^^^^^^^^^^^^^^^^^^^^^^^
   ╵
    /home/ubuntu/boucle-runs/vikunja-clean/frontend/src/styles/common-imports.scss 16:9                        @import
    /home/ubuntu/boucle-runs/vikunja-clean/frontend/src/components/input/editor/BlockquoteCommentView.vue 2:9  root stylesheet

DEPRECATION WARNING [import]: Sass @import rules are deprecated and will be removed in Dart Sass 3.0.0.

More info and automated migrator: https://sass-lang.com/d/import

   ╷
16 │ @import "bulma-css-variables/sass/utilities/_all";
   │         ^^^^^^^^^^^^^^^^^^^^^^^^^^^^^^^^^^^^^^^^^
   ╵
    /home/ubuntu/boucle-runs/vikunja-clean/frontend/src/styles/common-imports.scss 16:9               @import
    /home/ubuntu/boucle-runs/vikunja-clean/frontend/src/components/date/DatepickerWithValues.vue 2:9  root stylesheet

DEPRECATION WARNING [import]: Sass @import rules are deprecated and will be removed in Dart Sass 3.0.0.

More info and automated migrator: https://sass-lang.com/d/import

  ╷
2 │ @import "/home/ubuntu/boucle-runs/vikunja-clean/frontend/src/styles/common-imports.scss";
  │         ^^^^^^^^^^^^^^^^^^^^^^^^^^^^^^^^^^^^^^^^^^^^^^^^^^^^^^^^^^^^^^^^^^^^^^^^^^^^^^^^
  ╵
    /home/ubuntu/boucle-runs/vikunja-clean/frontend/src/components/gantt/GanttTimelineHeader.vue 2:9  root stylesheet

DEPRECATION WARNING [import]: Sass @import rules are deprecated and will be removed in Dart Sass 3.0.0.

More info and automated migrator: https://sass-lang.com/d/import

   ╷
16 │ @import "bulma-css-variables/sass/utilities/_all";
   │         ^^^^^^^^^^^^^^^^^^^^^^^^^^^^^^^^^^^^^^^^^
   ╵
    /home/ubuntu/boucle-runs/vikunja-clean/frontend/src/styles/common-imports.scss 16:9               @import
    /home/ubuntu/boucle-runs/vikunja-clean/frontend/src/components/gantt/GanttTimelineHeader.vue 2:9  root stylesheet

DEPRECATION WARNING [import]: Sass @import rules are deprecated and will be removed in Dart Sass 3.0.0.

More info and automated migrator: https://sass-lang.com/d/import

  ╷
2 │ @import "/home/ubuntu/boucle-runs/vikunja-clean/frontend/src/styles/common-imports.scss";
  │         ^^^^^^^^^^^^^^^^^^^^^^^^^^^^^^^^^^^^^^^^^^^^^^^^^^^^^^^^^^^^^^^^^^^^^^^^^^^^^^^^
  ╵
    /home/ubuntu/boucle-runs/vikunja-clean/frontend/src/components/gantt/GanttRowBars.vue 2:9  root stylesheet

DEPRECATION WARNING [global-builtin]: Global built-in functions are deprecated and will be removed in Dart Sass 3.0.0.
Use list.nth instead.

More info and automated migrator: https://sass-lang.com/d/import

   ╷
53 │         $color: nth($pair, 1);
   │                 ^^^^^^^^^^^^^
   ╵
    /home/ubuntu/boucle-runs/vikunja-clean/frontend/src/components/misc/ProgressBar.vue 53:11  root stylesheet

DEPRECATION WARNING [import]: Sass @import rules are deprecated and will be removed in Dart Sass 3.0.0.

More info and automated migrator: https://sass-lang.com/d/import

  ╷
2 │ @import "/home/ubuntu/boucle-runs/vikunja-clean/frontend/src/styles/common-imports.scss";
  │         ^^^^^^^^^^^^^^^^^^^^^^^^^^^^^^^^^^^^^^^^^^^^^^^^^^^^^^^^^^^^^^^^^^^^^^^^^^^^^^^^
  ╵
    /home/ubuntu/boucle-runs/vikunja-clean/frontend/src/components/gantt/GanttVerticalGridLines.vue 2:9  root stylesheet

DEPRECATION WARNING [import]: Sass @import rules are deprecated and will be removed in Dart Sass 3.0.0.

More info and automated migrator: https://sass-lang.com/d/import

  ╷
2 │ @import "/home/ubuntu/boucle-runs/vikunja-clean/frontend/src/styles/common-imports.scss";
  │         ^^^^^^^^^^^^^^^^^^^^^^^^^^^^^^^^^^^^^^^^^^^^^^^^^^^^^^^^^^^^^^^^^^^^^^^^^^^^^^^^
  ╵
    /home/ubuntu/boucle-runs/vikunja-clean/frontend/src/components/input/editor/CommandsList.vue 2:9  root stylesheet

DEPRECATION WARNING [import]: Sass @import rules are deprecated and will be removed in Dart Sass 3.0.0.

More info and automated migrator: https://sass-lang.com/d/import

   ╷
16 │ @import "bulma-css-variables/sass/utilities/_all";
   │         ^^^^^^^^^^^^^^^^^^^^^^^^^^^^^^^^^^^^^^^^^
   ╵
    /home/ubuntu/boucle-runs/vikunja-clean/frontend/src/styles/common-imports.scss 16:9        @import
    /home/ubuntu/boucle-runs/vikunja-clean/frontend/src/components/gantt/GanttRowBars.vue 2:9  root stylesheet

DEPRECATION WARNING [import]: Sass @import rules are deprecated and will be removed in Dart Sass 3.0.0.

More info and automated migrator: https://sass-lang.com/d/import

   ╷
16 │ @import "bulma-css-variables/sass/utilities/_all";
   │         ^^^^^^^^^^^^^^^^^^^^^^^^^^^^^^^^^^^^^^^^^
   ╵
    /home/ubuntu/boucle-runs/vikunja-clean/frontend/src/styles/common-imports.scss 16:9                  @import
    /home/ubuntu/boucle-runs/vikunja-clean/frontend/src/components/gantt/GanttVerticalGridLines.vue 2:9  root stylesheet

DEPRECATION WARNING [import]: Sass @import rules are deprecated and will be removed in Dart Sass 3.0.0.

More info and automated migrator: https://sass-lang.com/d/import

   ╷
16 │ @import "bulma-css-variables/sass/utilities/_all";
   │         ^^^^^^^^^^^^^^^^^^^^^^^^^^^^^^^^^^^^^^^^^
   ╵
    /home/ubuntu/boucle-runs/vikunja-clean/frontend/src/styles/common-imports.scss 16:9               @import
    /home/ubuntu/boucle-runs/vikunja-clean/frontend/src/components/input/editor/CommandsList.vue 2:9  root stylesheet

DEPRECATION WARNING [import]: Sass @import rules are deprecated and will be removed in Dart Sass 3.0.0.

More info and automated migrator: https://sass-lang.com/d/import

  ╷
2 │ @import "/home/ubuntu/boucle-runs/vikunja-clean/frontend/src/styles/common-imports.scss";
  │         ^^^^^^^^^^^^^^^^^^^^^^^^^^^^^^^^^^^^^^^^^^^^^^^^^^^^^^^^^^^^^^^^^^^^^^^^^^^^^^^^
  ╵
    /home/ubuntu/boucle-runs/vikunja-clean/frontend/src/components/gantt/GanttRelationArrows.vue 2:9  root stylesheet

DEPRECATION WARNING [import]: Sass @import rules are deprecated and will be removed in Dart Sass 3.0.0.

More info and automated migrator: https://sass-lang.com/d/import

  ╷
2 │ @import "/home/ubuntu/boucle-runs/vikunja-clean/frontend/src/styles/common-imports.scss";
  │         ^^^^^^^^^^^^^^^^^^^^^^^^^^^^^^^^^^^^^^^^^^^^^^^^^^^^^^^^^^^^^^^^^^^^^^^^^^^^^^^^
  ╵
    /home/ubuntu/boucle-runs/vikunja-clean/frontend/src/components/input/datepicker/DateShortcuts.vue 2:9  root stylesheet

DEPRECATION WARNING [import]: Sass @import rules are deprecated and will be removed in Dart Sass 3.0.0.

More info and automated migrator: https://sass-lang.com/d/import

  ╷
2 │ @import "/home/ubuntu/boucle-runs/vikunja-clean/frontend/src/styles/common-imports.scss";
  │         ^^^^^^^^^^^^^^^^^^^^^^^^^^^^^^^^^^^^^^^^^^^^^^^^^^^^^^^^^^^^^^^^^^^^^^^^^^^^^^^^
  ╵
    /home/ubuntu/boucle-runs/vikunja-clean/frontend/src/components/input/datepicker/TimeControl.vue 2:9  root stylesheet

DEPRECATION WARNING [import]: Sass @import rules are deprecated and will be removed in Dart Sass 3.0.0.

More info and automated migrator: https://sass-lang.com/d/import

   ╷
16 │ @import "bulma-css-variables/sass/utilities/_all";
   │         ^^^^^^^^^^^^^^^^^^^^^^^^^^^^^^^^^^^^^^^^^
   ╵
    /home/ubuntu/boucle-runs/vikunja-clean/frontend/src/styles/common-imports.scss 16:9               @import
    /home/ubuntu/boucle-runs/vikunja-clean/frontend/src/components/gantt/GanttRelationArrows.vue 2:9  root stylesheet

DEPRECATION WARNING [import]: Sass @import rules are deprecated and will be removed in Dart Sass 3.0.0.

More info and automated migrator: https://sass-lang.com/d/import

   ╷
16 │ @import "bulma-css-variables/sass/utilities/_all";
   │         ^^^^^^^^^^^^^^^^^^^^^^^^^^^^^^^^^^^^^^^^^
   ╵
    /home/ubuntu/boucle-runs/vikunja-clean/frontend/src/styles/common-imports.scss 16:9                  @import
    /home/ubuntu/boucle-runs/vikunja-clean/frontend/src/components/input/datepicker/TimeControl.vue 2:9  root stylesheet

DEPRECATION WARNING [import]: Sass @import rules are deprecated and will be removed in Dart Sass 3.0.0.

More info and automated migrator: https://sass-lang.com/d/import

   ╷
16 │ @import "bulma-css-variables/sass/utilities/_all";
   │         ^^^^^^^^^^^^^^^^^^^^^^^^^^^^^^^^^^^^^^^^^
   ╵
    /home/ubuntu/boucle-runs/vikunja-clean/frontend/src/styles/common-imports.scss 16:9                    @import
    /home/ubuntu/boucle-runs/vikunja-clean/frontend/src/components/input/datepicker/DateShortcuts.vue 2:9  root stylesheet

DEPRECATION WARNING [import]: Sass @import rules are deprecated and will be removed in Dart Sass 3.0.0.

More info and automated migrator: https://sass-lang.com/d/import

  ╷
2 │ @import "/home/ubuntu/boucle-runs/vikunja-clean/frontend/src/styles/common-imports.scss";
  │         ^^^^^^^^^^^^^^^^^^^^^^^^^^^^^^^^^^^^^^^^^^^^^^^^^^^^^^^^^^^^^^^^^^^^^^^^^^^^^^^^
  ╵
    /home/ubuntu/boucle-runs/vikunja-clean/frontend/src/components/date/DatemathHelp.vue 2:9  root stylesheet

DEPRECATION WARNING [import]: Sass @import rules are deprecated and will be removed in Dart Sass 3.0.0.

More info and automated migrator: https://sass-lang.com/d/import

   ╷
16 │ @import "bulma-css-variables/sass/utilities/_all";
   │         ^^^^^^^^^^^^^^^^^^^^^^^^^^^^^^^^^^^^^^^^^
   ╵
    /home/ubuntu/boucle-runs/vikunja-clean/frontend/src/styles/common-imports.scss 16:9       @import
    /home/ubuntu/boucle-runs/vikunja-clean/frontend/src/components/date/DatemathHelp.vue 2:9  root stylesheet

DEPRECATION WARNING [import]: Sass @import rules are deprecated and will be removed in Dart Sass 3.0.0.

More info and automated migrator: https://sass-lang.com/d/import

  ╷
2 │ @import "/home/ubuntu/boucle-runs/vikunja-clean/frontend/src/styles/common-imports.scss";
  │         ^^^^^^^^^^^^^^^^^^^^^^^^^^^^^^^^^^^^^^^^^^^^^^^^^^^^^^^^^^^^^^^^^^^^^^^^^^^^^^^^
  ╵
    /home/ubuntu/boucle-runs/vikunja-clean/frontend/src/components/tasks/partials/ReminderPeriod.vue 2:9  root stylesheet

DEPRECATION WARNING [import]: Sass @import rules are deprecated and will be removed in Dart Sass 3.0.0.

More info and automated migrator: https://sass-lang.com/d/import

  ╷
2 │ @import "/home/ubuntu/boucle-runs/vikunja-clean/frontend/src/styles/common-imports.scss";
  │         ^^^^^^^^^^^^^^^^^^^^^^^^^^^^^^^^^^^^^^^^^^^^^^^^^^^^^^^^^^^^^^^^^^^^^^^^^^^^^^^^
  ╵
    /home/ubuntu/boucle-runs/vikunja-clean/frontend/src/components/input/filter/FilterCommandsList.vue 2:9  root stylesheet

DEPRECATION WARNING [import]: Sass @import rules are deprecated and will be removed in Dart Sass 3.0.0.

More info and automated migrator: https://sass-lang.com/d/import

  ╷
2 │ @import "/home/ubuntu/boucle-runs/vikunja-clean/frontend/src/styles/common-imports.scss";
  │         ^^^^^^^^^^^^^^^^^^^^^^^^^^^^^^^^^^^^^^^^^^^^^^^^^^^^^^^^^^^^^^^^^^^^^^^^^^^^^^^^
  ╵
    /home/ubuntu/boucle-runs/vikunja-clean/frontend/src/components/input/editor/emoji/EmojiList.vue 2:9  root stylesheet

DEPRECATION WARNING [import]: Sass @import rules are deprecated and will be removed in Dart Sass 3.0.0.

More info and automated migrator: https://sass-lang.com/d/import

  ╷
2 │ @import "/home/ubuntu/boucle-runs/vikunja-clean/frontend/src/styles/common-imports.scss";
  │         ^^^^^^^^^^^^^^^^^^^^^^^^^^^^^^^^^^^^^^^^^^^^^^^^^^^^^^^^^^^^^^^^^^^^^^^^^^^^^^^^
  ╵
    /home/ubuntu/boucle-runs/vikunja-clean/frontend/src/components/input/editor/TaskLinkPill.vue 2:9  root stylesheet

DEPRECATION WARNING [import]: Sass @import rules are deprecated and will be removed in Dart Sass 3.0.0.

More info and automated migrator: https://sass-lang.com/d/import

  ╷
2 │ @import "/home/ubuntu/boucle-runs/vikunja-clean/frontend/src/styles/common-imports.scss";
  │         ^^^^^^^^^^^^^^^^^^^^^^^^^^^^^^^^^^^^^^^^^^^^^^^^^^^^^^^^^^^^^^^^^^^^^^^^^^^^^^^^
  ╵
    /home/ubuntu/boucle-runs/vikunja-clean/frontend/src/components/home/ProjectsNavigationItem.vue 2:9  root stylesheet

DEPRECATION WARNING [import]: Sass @import rules are deprecated and will be removed in Dart Sass 3.0.0.

More info and automated migrator: https://sass-lang.com/d/import

   ╷
16 │ @import "bulma-css-variables/sass/utilities/_all";
   │         ^^^^^^^^^^^^^^^^^^^^^^^^^^^^^^^^^^^^^^^^^
   ╵
    /home/ubuntu/boucle-runs/vikunja-clean/frontend/src/styles/common-imports.scss 16:9                     @import
    /home/ubuntu/boucle-runs/vikunja-clean/frontend/src/components/input/filter/FilterCommandsList.vue 2:9  root stylesheet

DEPRECATION WARNING [import]: Sass @import rules are deprecated and will be removed in Dart Sass 3.0.0.

More info and automated migrator: https://sass-lang.com/d/import

   ╷
16 │ @import "bulma-css-variables/sass/utilities/_all";
   │         ^^^^^^^^^^^^^^^^^^^^^^^^^^^^^^^^^^^^^^^^^
   ╵
    /home/ubuntu/boucle-runs/vikunja-clean/frontend/src/styles/common-imports.scss 16:9                 @import
    /home/ubuntu/boucle-runs/vikunja-clean/frontend/src/components/home/ProjectsNavigationItem.vue 2:9  root stylesheet

DEPRECATION WARNING [import]: Sass @import rules are deprecated and will be removed in Dart Sass 3.0.0.

More info and automated migrator: https://sass-lang.com/d/import

   ╷
16 │ @import "bulma-css-variables/sass/utilities/_all";
   │         ^^^^^^^^^^^^^^^^^^^^^^^^^^^^^^^^^^^^^^^^^
   ╵
    /home/ubuntu/boucle-runs/vikunja-clean/frontend/src/styles/common-imports.scss 16:9               @import
    /home/ubuntu/boucle-runs/vikunja-clean/frontend/src/components/input/editor/TaskLinkPill.vue 2:9  root stylesheet

DEPRECATION WARNING [import]: Sass @import rules are deprecated and will be removed in Dart Sass 3.0.0.

More info and automated migrator: https://sass-lang.com/d/import

   ╷
16 │ @import "bulma-css-variables/sass/utilities/_all";
   │         ^^^^^^^^^^^^^^^^^^^^^^^^^^^^^^^^^^^^^^^^^
   ╵
    /home/ubuntu/boucle-runs/vikunja-clean/frontend/src/styles/common-imports.scss 16:9                   @import
    /home/ubuntu/boucle-runs/vikunja-clean/frontend/src/components/tasks/partials/ReminderPeriod.vue 2:9  root stylesheet

DEPRECATION WARNING [import]: Sass @import rules are deprecated and will be removed in Dart Sass 3.0.0.

More info and automated migrator: https://sass-lang.com/d/import

   ╷
16 │ @import "bulma-css-variables/sass/utilities/_all";
   │         ^^^^^^^^^^^^^^^^^^^^^^^^^^^^^^^^^^^^^^^^^
   ╵
    /home/ubuntu/boucle-runs/vikunja-clean/frontend/src/styles/common-imports.scss 16:9                  @import
    /home/ubuntu/boucle-runs/vikunja-clean/frontend/src/components/input/editor/emoji/EmojiList.vue 2:9  root stylesheet

✓ 1672 modules transformed.
[lightningcss minify] 'deep' is not recognized as a valid pseudo-class. Did you mean '::deep' (pseudo-element) or is this a typo?
728 |    cursor: pointer;
729 |  }
730 |  .kanban :deep(.dropdown-trigger) {
    |                ^
731 |    padding: 0.5rem;
732 |  }
rendering chunks...
computing gzip size...
dist/manifest.webmanifest                                    0.86 kB
dist/assets/llama-Cg7SOh2S.svg                               4.18 kB │ gzip:   1.88 kB
dist/index.html                                              5.17 kB │ gzip:   1.48 kB
dist/assets/vikunja-file-DHo91b4B.png                        6.10 kB
dist/assets/wekan-DmlzeNLs.png                              13.39 kB
dist/assets/Quicksand_wght__a912b486-BSFz85KT.woff2         37.77 kB
dist/assets/llama-nightscape-mKZQPxXM.jpg                   50.32 kB
dist/assets/OpenSans_wght__0f3a8072-BJG3deEJ.woff2          80.84 kB
dist/assets/OpenSans-Italic_wght__f8c82d6f-DqmCXWBq.woff2   86.36 kB
dist/assets/no-auth-image-Cmfcl6fh.jpg                     152.37 kB
dist/assets/PasswordReset-V7hPio2y.css                       0.04 kB │ gzip:   0.06 kB
dist/assets/RequestPasswordReset-doBkF8RX.css                0.04 kB │ gzip:   0.06 kB
dist/assets/FormSelect-iKOKwYWV.css                          0.05 kB │ gzip:   0.06 kB
dist/assets/useTableSort-CRTAxik9.css                        0.05 kB │ gzip:   0.07 kB
dist/assets/Home-DtWsZUsI.css                                0.05 kB │ gzip:   0.07 kB
dist/assets/ApiTokens-Baibvp1x.css                           0.05 kB │ gzip:   0.07 kB
dist/assets/ProjectSettingsShare-DUHe43oS.css                0.07 kB │ gzip:   0.09 kB
dist/assets/ButtonLink-CPnyNXU6.css                          0.07 kB │ gzip:   0.06 kB
dist/assets/EditTeam-BgPSBe19.css                            0.11 kB │ gzip:   0.10 kB
dist/assets/ProjectAccessCleanupList-BFHmSLel.css            0.14 kB │ gzip:   0.12 kB
dist/assets/WebhookManager-hmTgCHWY.css                      0.14 kB │ gzip:   0.12 kB
dist/assets/attachmentPreview-D3VqBSsp.css                   0.20 kB │ gzip:   0.17 kB
dist/assets/SimpleButton-DMSVbUin.css                        0.24 kB │ gzip:   0.19 kB
dist/assets/ListLabels-E78l3M2V.css                          0.26 kB │ gzip:   0.18 kB
dist/assets/ProjectsView-Bk83G7y3.css                        0.30 kB │ gzip:   0.18 kB
dist/assets/Mcp-CygqIypJ.css                                 0.30 kB │ gzip:   0.17 kB
dist/assets/Password-BQ5U-KRv.css                            0.31 kB │ gzip:   0.22 kB
dist/assets/FormField-CuqiOF-v.css                           0.35 kB │ gzip:   0.17 kB
dist/assets/Migration-CA1bWkji.css                           0.36 kB │ gzip:   0.21 kB
dist/assets/DataExport-DNRboOdo.css                          0.39 kB │ gzip:   0.21 kB
dist/assets/ListTeams-CKTzW-KN.css                           0.45 kB │ gzip:   0.24 kB
dist/assets/BaseButton-DaeQslhS.css                          0.47 kB │ gzip:   0.25 kB
dist/assets/Message-Cyk9bN2V.css                             0.63 kB │ gzip:   0.23 kB
dist/assets/CustomTransition-DY1lgFF7.css                    0.67 kB │ gzip:   0.25 kB
dist/assets/TimeTracking-D-q9Pqba.css                        0.68 kB │ gzip:   0.33 kB
dist/assets/BotUsers-Co8Zo8QU.css                            0.71 kB │ gzip:   0.30 kB
dist/assets/SideNavShell-B7TZ6VoQ.css                        0.73 kB │ gzip:   0.29 kB
dist/assets/UsersView-nx7sEn3r.css                           0.75 kB │ gzip:   0.30 kB
dist/assets/Expandable-WOu2euqu.css                          0.78 kB │ gzip:   0.35 kB
dist/assets/ListProjects-DoDg45Jd.css                        0.79 kB │ gzip:   0.39 kB
dist/assets/TimeEntryList-D91Nz2bh.css                       0.79 kB │ gzip:   0.34 kB
dist/assets/ProjectSettingsViews-BzofojGL.css                0.87 kB │ gzip:   0.38 kB
dist/assets/ColorPicker-DKBZt51a.css                         1.05 kB │ gzip:   0.39 kB
dist/assets/DropdownItem-Bif9rLY8.css                        1.16 kB │ gzip:   0.49 kB
dist/assets/General-BEAJ_-gB.css                             1.20 kB │ gzip:   0.53 kB
dist/assets/Card-ChiUTmkc.css                                1.26 kB │ gzip:   0.45 kB
dist/assets/AddTask-BVSZFvvc.css                             1.27 kB │ gzip:   0.47 kB
dist/assets/Reminders-WJgjd5wP.css                           1.37 kB │ gzip:   0.50 kB
dist/assets/Datepicker-aSgNknLx.css                          1.37 kB │ gzip:   0.57 kB
dist/assets/ProjectSettingsBackground-BbfgLqR6.css           1.47 kB │ gzip:   0.55 kB
dist/assets/MigrationCSV-s9Dgt0Zm.css                        1.49 kB │ gzip:   0.51 kB
dist/assets/FancyCheckbox-CvZjW-A5.css                       1.59 kB │ gzip:   0.55 kB
dist/assets/editorDraftStorage-7Yt-sfqe.css                  1.69 kB │ gzip:   0.62 kB
dist/assets/MigrationHandler-DjFknihx.css                    1.79 kB │ gzip:   0.58 kB
dist/assets/OverviewView-C8PGgy_q.css                        1.85 kB │ gzip:   0.62 kB
dist/assets/FilterInput-DxKlZ6CQ.css                         2.80 kB │ gzip:   0.89 kB
dist/assets/ProjectCardGrid-QIXU19QA.css                     3.08 kB │ gzip:   0.97 kB
dist/assets/Multiselect-DUg9iV6l.css                         4.05 kB │ gzip:   1.00 kB
dist/assets/PaginationItem-BIQFtIAd.css                      4.59 kB │ gzip:   0.92 kB
dist/assets/Avatar-BDaIY298.css                              4.70 kB │ gzip:   1.04 kB
dist/assets/TipTap-C7VRHY1T.css                             11.83 kB │ gzip:   2.55 kB
dist/assets/ProjectView-Ba8oyYOJ.css                        15.31 kB │ gzip:   3.53 kB
dist/assets/TaskDetailView-3Aw5udkC.css                     17.69 kB │ gzip:   3.60 kB
dist/assets/router-iXsrPHxo.css                             35.17 kB │ gzip:   6.35 kB
dist/assets/index-DGj3PtTa.css                             174.94 kB │ gzip:  27.70 kB
dist/assets/virtual_intlify-i18n-1-DOwCrGXH.js               0.03 kB │ gzip:   0.05 kB
dist/assets/virtual_intlify-i18n-3-DOwCrGXH.js               0.03 kB │ gzip:   0.05 kB
dist/assets/virtual_intlify-i18n-34-DOwCrGXH.js              0.03 kB │ gzip:   0.05 kB
dist/assets/virtual_intlify-i18n-37-DOwCrGXH.js              0.03 kB │ gzip:   0.05 kB
dist/assets/virtual_intlify-i18n-5-DOwCrGXH.js               0.03 kB │ gzip:   0.05 kB
dist/assets/virtual_intlify-i18n-7-DOwCrGXH.js               0.03 kB │ gzip:   0.05 kB
dist/assets/randomId-DHkpih5Z.js                             0.07 kB │ gzip:   0.09 kB
dist/assets/_plugin-vue_export-helper-BDNMzG2s.js            0.08 kB │ gzip:   0.09 kB
dist/assets/sensitiveQueryParams-CKjWol0q.js                 0.08 kB │ gzip:   0.09 kB
dist/assets/proFeatures-5sxnJ_d9.js                          0.10 kB │ gzip:   0.12 kB
dist/assets/apiToken-COer0kBE.js                             0.12 kB │ gzip:   0.13 kB
dist/assets/downloadBlob-BNoZUcZu.js                         0.14 kB │ gzip:   0.14 kB
dist/assets/useIsAlive-CqtSIOtC.js                           0.15 kB │ gzip:   0.14 kB
dist/assets/useTitle-INi7n4Ns.js                             0.26 kB │ gzip:   0.21 kB
dist/assets/useClampedPage-BYOTmSUs.js                       0.27 kB │ gzip:   0.21 kB
dist/assets/ButtonLink-BBi_pJSI.js                           0.29 kB │ gzip:   0.23 kB
dist/assets/Nothing-_6SEL0hW.js                              0.31 kB │ gzip:   0.25 kB
dist/assets/useProjectViews-BhEBDOgd.js                      0.31 kB │ gzip:   0.24 kB
dist/assets/useDelayedLoading-B2JYWn16.js                    0.40 kB │ gzip:   0.26 kB
dist/assets/CustomTransition-C5yOYrUF.js                     0.41 kB │ gzip:   0.31 kB
dist/assets/useTasks-BM6gm8G9.js                             0.42 kB │ gzip:   0.28 kB
dist/assets/SimpleButton-DTVtNZ1g.js                         0.52 kB │ gzip:   0.37 kB
dist/assets/useProjectBackground-BOp98oEW.js                 0.55 kB │ gzip:   0.34 kB
dist/assets/useTeams-DdmBy7x3.js                             0.55 kB │ gzip:   0.33 kB
dist/assets/useCopyToClipboard-CveutGtN.js                   0.56 kB │ gzip:   0.34 kB
dist/assets/passwords-CSSsZe3Q.js                            0.59 kB │ gzip:   0.31 kB
dist/assets/useProject-D1zolvyI.js                           0.61 kB │ gzip:   0.35 kB
dist/assets/useUserSearch-B1m34YTV.js                        0.62 kB │ gzip:   0.37 kB
dist/assets/Message-UtHRLN-n.js                              0.62 kB │ gzip:   0.43 kB
dist/assets/Error-9wTC2r7s.js                                0.67 kB │ gzip:   0.41 kB
dist/assets/ProjectAccessCleanupList-CRmGLK0c.js             0.67 kB │ gzip:   0.39 kB
dist/assets/Webhooks-DKOpShZW.js                             0.70 kB │ gzip:   0.41 kB
dist/assets/AdminShell-uj_WOg0R.js                           0.83 kB │ gzip:   0.47 kB
dist/assets/rolldown-runtime-B0Z9INg1.js                     0.90 kB │ gzip:   0.51 kB
dist/assets/dataExport-DlDXs56V.js                           0.93 kB │ gzip:   0.52 kB
dist/assets/FilterDelete-Bwxnf-z4.js                         0.95 kB │ gzip:   0.58 kB
dist/assets/contextMutation-DMlt0N4t.js                      0.99 kB │ gzip:   0.53 kB
dist/assets/useApi-BPuI6ZR9-wAkZ-FS4.js                      0.99 kB │ gzip:   0.54 kB
dist/assets/useTableSort-CBRshn8M.js                         1.04 kB │ gzip:   0.59 kB
dist/assets/ProjectSettingsWebhooks-tSHUNuxe.js              1.04 kB │ gzip:   0.59 kB
dist/assets/PaginationEmit-CnJSc4C9.js                       1.05 kB │ gzip:   0.53 kB
dist/assets/useSavedFilter-vdu5oXg0.js                       1.12 kB │ gzip:   0.58 kB
dist/assets/About-B3JpolQ2.js                                1.18 kB │ gzip:   0.65 kB
dist/assets/Migration-DsJVA2gx.js                            1.19 kB │ gzip:   0.69 kB
dist/assets/tr-Bq3aQDGQ.js                                   1.20 kB │ gzip:   0.71 kB
dist/assets/it-Ch4XP4E2.js                                   1.21 kB │ gzip:   0.69 kB
dist/assets/preload-helper-BZ1Pz5am.js                       1.21 kB │ gzip:   0.69 kB
dist/assets/ProjectSettingsArchive-Dzc-ObT9.js               1.23 kB │ gzip:   0.64 kB
dist/assets/es-CfAHfP-3.js                                   1.23 kB │ gzip:   0.71 kB
dist/assets/nb-BBKoemdC.js                                   1.24 kB │ gzip:   0.69 kB
dist/assets/da-B2yn8Mg7.js                                   1.25 kB │ gzip:   0.70 kB
dist/assets/fr-lQSKZdiA.js                                   1.25 kB │ gzip:   0.71 kB
dist/assets/nl-nlKNiAgB.js                                   1.26 kB │ gzip:   0.72 kB
dist/assets/pt-br-Byt49I_D.js                                1.27 kB │ gzip:   0.72 kB
dist/assets/pt-BQwS9-mE.js                                   1.28 kB │ gzip:   0.73 kB
dist/assets/sv-BcS-UZrA.js                                   1.32 kB │ gzip:   0.74 kB
dist/assets/FormInput-Q_BS_tPL.js                            1.32 kB │ gzip:   0.73 kB
dist/assets/ja-D0jxDWsD.js                                   1.33 kB │ gzip:   0.69 kB
dist/assets/ko-BD0qHFfv.js                                   1.36 kB │ gzip:   0.70 kB
dist/assets/vi-D8G2_64M.js                                   1.36 kB │ gzip:   0.73 kB
dist/assets/Card-CLdnxfEM.js                                 1.41 kB │ gzip:   0.74 kB
dist/assets/hr-B481X2Kx.js                                   1.44 kB │ gzip:   0.81 kB
dist/assets/sentry-B37gmHtH.js                               1.45 kB │ gzip:   0.83 kB
dist/assets/SideNavShell-DjJfqTfT.js                         1.46 kB │ gzip:   0.85 kB
dist/assets/fa-BzVjgYkl.js                                   1.47 kB │ gzip:   0.73 kB
dist/assets/ar-sa-B1NzaatO.js                                1.47 kB │ gzip:   0.78 kB
dist/assets/de-ch-C6FDcxBc.js                                1.49 kB │ gzip:   0.80 kB
dist/assets/zh-tw-CUG33AfM.js                                1.49 kB │ gzip:   0.83 kB
dist/assets/de-wnIsIBvb.js                                   1.50 kB │ gzip:   0.82 kB
dist/assets/zh-cn-B96qswL9.js                                1.52 kB │ gzip:   0.86 kB
dist/assets/el-DlMIUR9t.js                                   1.54 kB │ gzip:   0.85 kB
dist/assets/bg-BGDKbMau.js                                   1.55 kB │ gzip:   0.85 kB
dist/assets/ProjectSearch-B2leUd6-.js                        1.56 kB │ gzip:   0.81 kB
dist/assets/DataExportDownload-CnaOJ3q6.js                   1.56 kB │ gzip:   0.85 kB
dist/assets/FormSelect-GxEWXKzL.js                           1.60 kB │ gzip:   0.88 kB
dist/assets/ListProjects-DdOKUHBP.js                         1.61 kB │ gzip:   0.84 kB
dist/assets/OAuthAuthorize-BZMXvnqi.js                       1.66 kB │ gzip:   0.85 kB
dist/assets/attachmentPreview-DPg-0IRP.js                    1.68 kB │ gzip:   0.86 kB
dist/assets/BaseButton-l4LhEekD.js                           1.70 kB │ gzip:   0.76 kB
dist/assets/hu-DHzZk_P4.js                                   1.71 kB │ gzip:   0.76 kB
dist/assets/pl-CzKACpIi.js                                   1.72 kB │ gzip:   0.94 kB
dist/assets/AtomFeed-DfNKUSF-.js                             1.74 kB │ gzip:   0.87 kB
dist/assets/PaginationItem-CXvFwZ1m.js                       1.74 kB │ gzip:   0.92 kB
dist/assets/cs-BPLGob2U.js                                   1.77 kB │ gzip:   0.88 kB
dist/assets/dist-C5T2ON0D.js                                 1.77 kB │ gzip:   0.92 kB
dist/assets/PasswordUpdate-BVftTDaE.js                       1.79 kB │ gzip:   0.89 kB
dist/assets/ProjectSettingsDelete-Biu9JpBj.js                1.79 kB │ gzip:   0.92 kB
dist/assets/RequestPasswordReset-DJCgDWqS.js                 1.81 kB │ gzip:   0.91 kB
dist/assets/he-CLwLfkWo.js                                   1.85 kB │ gzip:   0.86 kB
dist/assets/ListTeams-DHkQVzQj.js                            1.85 kB │ gzip:   1.01 kB
dist/assets/Expandable-Bxk8Oyp0.js                           1.92 kB │ gzip:   0.89 kB
dist/assets/fi-InSh_zTg.js                                   1.93 kB │ gzip:   0.92 kB
dist/assets/CreateEdit-CM0NZR7i.js                           1.94 kB │ gzip:   0.91 kB
dist/assets/PasswordReset-CeLhqt77.js                        1.94 kB │ gzip:   1.00 kB
dist/assets/ProjectSettingsDuplicate-BatCUTki.js             1.95 kB │ gzip:   0.97 kB
dist/assets/ColorPicker-InMSULjE.js                          1.96 kB │ gzip:   1.11 kB
dist/assets/sl-C8tzXROe.js                                   1.99 kB │ gzip:   0.91 kB
dist/assets/lt-QbzjBnPJ.js                                   2.00 kB │ gzip:   0.89 kB
dist/assets/NewLabel-BXSUDx2i.js                             2.00 kB │ gzip:   0.98 kB
dist/assets/Settings-CVPiM9Ro.js                             2.01 kB │ gzip:   0.71 kB
dist/assets/useProjects-DnQp2-tk.js                          2.05 kB │ gzip:   0.81 kB
dist/assets/NewTeam-BpyHytGn.js                              2.07 kB │ gzip:   1.03 kB
dist/assets/FancyCheckbox-CPtPYraW.js                        2.15 kB │ gzip:   1.04 kB
dist/assets/NewProject-m9CcMGEa.js                           2.22 kB │ gzip:   1.05 kB
dist/assets/Password-Dietlrl0.js                             2.25 kB │ gzip:   1.11 kB
dist/assets/uk-BzGNDfdS.js                                   2.29 kB │ gzip:   1.13 kB
dist/assets/projectViews-DDC2gDFE.js                         2.31 kB │ gzip:   0.91 kB
dist/assets/attachments-7m285Edf.js                          2.36 kB │ gzip:   1.14 kB
dist/assets/ru-DZkZG_YU.js                                   2.37 kB │ gzip:   1.18 kB
dist/assets/DataExport-BpSCCuz7.js                           2.45 kB │ gzip:   1.21 kB
dist/assets/FormField-BuEHueDM.js                            2.50 kB │ gzip:   1.08 kB
dist/assets/FilterNew-CKlfo7vU.js                            2.51 kB │ gzip:   1.13 kB
dist/assets/AsyncEditor-D_5Eshzs.js                          2.60 kB │ gzip:   1.27 kB
dist/assets/DropdownItem--fLS2UXs.js                         2.69 kB │ gzip:   1.38 kB
dist/assets/ProjectCardGrid-fT3XCq2d.js                      2.71 kB │ gzip:   1.26 kB
dist/assets/labels-DkXoIYnQ.js                               2.73 kB │ gzip:   1.05 kB
dist/assets/FilterEdit-C6p0O5sz.js                           2.86 kB │ gzip:   1.30 kB
dist/assets/Filters-Bc3f3XK5.js                              2.96 kB │ gzip:   1.42 kB
dist/assets/Deletion-D1EVDEQa.js                             3.15 kB │ gzip:   1.22 kB
dist/assets/migration-DKOPDtHT.js                            3.32 kB │ gzip:   1.46 kB
dist/assets/Datepicker-DMic7a3X.js                           3.53 kB │ gzip:   1.65 kB
dist/assets/ProjectSettingsEdit-g4ZDZfUx.js                  3.59 kB │ gzip:   1.48 kB
dist/assets/Sessions-pI0olWi2.js                             3.61 kB │ gzip:   1.66 kB
dist/assets/EmailUpdate-DyqzRL0E.js                          3.85 kB │ gzip:   1.49 kB
dist/assets/dist-CS6pP2Vl.js                                 4.05 kB │ gzip:   1.81 kB
dist/assets/ApiTokens-BYQgb7jv.js                            4.29 kB │ gzip:   1.84 kB
dist/assets/OverviewView-BB7eKJYl.js                         4.29 kB │ gzip:   1.48 kB
dist/assets/Home-CXxglKYs.js                                 4.33 kB │ gzip:   2.02 kB
dist/assets/ListLabels-Cxusmxy6.js                           4.35 kB │ gzip:   1.88 kB
dist/assets/useBlurHashUrl-BN4TIfgk.js                       4.65 kB │ gzip:   2.18 kB
dist/assets/Caldav-CHhd_hbD.js                               4.80 kB │ gzip:   2.06 kB
dist/assets/admin-CIcrMc6I.js                                4.89 kB │ gzip:   1.61 kB
dist/assets/TOTP-DaDVZXSa.js                                 4.98 kB │ gzip:   1.91 kB
dist/assets/AddTask-DLNiqp49.js                              5.37 kB │ gzip:   2.61 kB
dist/assets/ProjectSettingsBackground-vK6-jPwA.js            5.84 kB │ gzip:   2.49 kB
dist/assets/requestContext-RefT0AlT.js                       6.01 kB │ gzip:   2.43 kB
dist/assets/ProjectsView-B7j9gRok.js                         6.22 kB │ gzip:   2.33 kB
dist/assets/TimeTracking-BGpYWwX1.js                         6.54 kB │ gzip:   2.62 kB
dist/assets/InviteLinksView-FSJ_cYMC.js                      6.88 kB │ gzip:   2.67 kB
dist/assets/editorDraftStorage-Cae05mWL.js                   6.94 kB │ gzip:   2.96 kB
dist/assets/dayjs.min-BcJkixEx.js                            7.18 kB │ gzip:   3.09 kB
dist/assets/WebhookManager-CATBfMZq.js                       7.31 kB │ gzip:   2.83 kB
dist/assets/Multiselect-DBcBnUC7.js                          7.68 kB │ gzip:   2.87 kB
dist/assets/useQuery-COjDGH_V.js                             7.75 kB │ gzip:   2.82 kB
dist/assets/MigrationCSV-LtxxoOpP.js                         7.91 kB │ gzip:   2.98 kB
dist/assets/Mcp-C9Dil1rO.js                                  8.06 kB │ gzip:   3.28 kB
dist/assets/config-WRmwG2Z_.js                               8.32 kB │ gzip:   3.80 kB
dist/assets/EditTeam-DpKqo6u9.js                             8.37 kB │ gzip:   3.01 kB
dist/assets/BotUsers-C7pBc-pj.js                             8.61 kB │ gzip:   3.22 kB
dist/assets/ApiTokenForm-KGcmEmgH.js                         9.04 kB │ gzip:   3.41 kB
dist/assets/Reminders-pqpBvPhv.js                            9.14 kB │ gzip:   3.02 kB
dist/assets/MigrationHandler-gwe_wczN.js                     9.23 kB │ gzip:   3.26 kB
dist/assets/UsersView-DajdyE7F.js                            9.79 kB │ gzip:   2.92 kB
dist/assets/TimeEntryList-CWJ98K-X.js                       10.24 kB │ gzip:   3.87 kB
dist/assets/migrators-Ca-_X8zJ.js                           10.29 kB │ gzip:   4.88 kB
dist/assets/projects-Da1lAlZi.js                            10.47 kB │ gzip:   3.34 kB
dist/assets/ProjectSettingsViews-Btga1CrW.js                11.35 kB │ gzip:   3.71 kB
dist/assets/useMutation-BLOgN77G.js                         14.06 kB │ gzip:   4.84 kB
dist/assets/dist-D_0G_P3y.js                                15.57 kB │ gzip:   6.31 kB
dist/assets/fetchAllPages-CKrYfJLl.js                       17.02 kB │ gzip:   5.09 kB
dist/assets/General-DDA-s36h.js                             17.60 kB │ gzip:   4.91 kB
dist/assets/ProjectSettingsShare-mNSWQWfo.js                18.93 kB │ gzip:   5.71 kB
dist/assets/message-BUEqiS_m.js                             19.42 kB │ gzip:   7.31 kB
dist/assets/FilterInput-HnqcDUEx.js                         21.77 kB │ gzip:   7.78 kB
dist/assets/ProjectInfo-ClmG5Yrj.js                         29.21 kB │ gzip:  11.64 kB
dist/assets/virtual_intlify-i18n-14-E5Z83mst.js             40.29 kB │ gzip:   9.79 kB
dist/assets/generated-Bjw8obn2.js                           45.57 kB │ gzip:   6.73 kB
dist/assets/vue-i18n.runtime-CI9oBnaf.js                    50.11 kB │ gzip:  17.25 kB
dist/assets/virtual_intlify-i18n-28-QXSgIVKs.js             51.16 kB │ gzip:  10.87 kB
dist/assets/virtual_intlify-i18n-21-DOLiB5ln.js             52.65 kB │ gzip:  11.89 kB
dist/assets/virtual_intlify-i18n-27-qvlvB7qp.js             56.98 kB │ gzip:  12.77 kB
dist/assets/virtual_intlify-i18n-33-BguFSgBH.js             59.64 kB │ gzip:  13.44 kB
dist/assets/virtual_intlify-i18n-17-CmAU6iIh.js             60.71 kB │ gzip:  15.58 kB
dist/assets/virtual_intlify-i18n-8-DBSNVl8t.js              65.16 kB │ gzip:  13.08 kB
dist/assets/virtual_intlify-i18n-30-B9XA-aP7.js             66.92 kB │ gzip:  16.61 kB
dist/assets/virtual_intlify-i18n-35-ISw1NbP4.js             67.12 kB │ gzip:  15.40 kB
dist/assets/virtual_intlify-i18n-6-BGySMCo_.js              67.44 kB │ gzip:  15.62 kB
dist/assets/virtual_intlify-i18n-32-Bakbp1it.js             68.21 kB │ gzip:  16.12 kB
dist/assets/virtual_intlify-i18n-12-DGpJmOBU.js             70.68 kB │ gzip:  16.29 kB
dist/assets/virtual_intlify-i18n-16-DZvxtc_F.js             74.77 kB │ gzip:  17.09 kB
dist/assets/virtual_intlify-i18n-20-ClEsJMGJ.js             75.42 kB │ gzip:  17.81 kB
dist/assets/virtual_intlify-i18n-36-B2G6TphY.js             76.30 kB │ gzip:  16.63 kB
dist/assets/virtual_intlify-i18n-15-DdONIHre.js             77.48 kB │ gzip:  16.44 kB
dist/assets/virtual_intlify-i18n-29-DZZbdvYu.js             78.48 kB │ gzip:  17.48 kB
dist/assets/virtual_intlify-i18n-22-C1Te5LnH.js             78.52 kB │ gzip:  17.67 kB
dist/assets/virtual_intlify-i18n-31-BDuQ55O-.js             79.10 kB │ gzip:  17.75 kB
dist/assets/virtual_intlify-i18n-10-22hIzaYb.js             80.25 kB │ gzip:  18.03 kB
dist/assets/virtual_intlify-i18n-11-D_XJqFAM.js             80.30 kB │ gzip:  18.20 kB
dist/assets/Avatar-CTI7MGlX.js                              80.44 kB │ gzip:  20.89 kB
dist/assets/virtual_intlify-i18n-9-CWL3pqpf.js              80.67 kB │ gzip:  19.28 kB
dist/assets/ProjectView-BqJbd-Y1.js                         86.43 kB │ gzip:  27.26 kB
dist/assets/virtual_intlify-i18n-4-DLCUAjic.js              92.46 kB │ gzip:  17.35 kB
dist/assets/virtual_intlify-i18n-23-CxzSHuLB.js            103.14 kB │ gzip:  23.78 kB
dist/assets/virtual_intlify-i18n-25-PVeNg882.js            105.04 kB │ gzip:  21.95 kB
dist/assets/virtual_intlify-i18n-13-CCYNpxd1.js            110.78 kB │ gzip:  24.62 kB
dist/assets/TaskDetailView-DXe1n-uH.js                     113.14 kB │ gzip:  36.11 kB
dist/assets/virtual_intlify-i18n-19-BaExRDuK.js            116.99 kB │ gzip:  22.78 kB
dist/assets/virtual_intlify-i18n-24-C_vcB-2L.js            119.08 kB │ gzip:  28.66 kB
dist/assets/virtual_intlify-i18n-26-8pRhhebX.js            119.92 kB │ gzip:  27.77 kB
dist/assets/vue.runtime.esm-bundler-DBDXy1Ot.js            124.16 kB │ gzip:  48.72 kB
dist/assets/virtual_intlify-i18n-18-CYUl3LDt.js            127.56 kB │ gzip:  25.77 kB
dist/assets/virtual_intlify-i18n-0-ALuQ5elG.js             150.27 kB │ gzip:  31.51 kB
dist/assets/Icon-CuW_GGFV.js                               154.17 kB │ gzip:  43.27 kB
dist/assets/virtual_intlify-i18n-2-DZv_3YAA.js             170.49 kB │ gzip:  33.78 kB
dist/assets/router-D2Oi1s9J.js                             205.01 kB │ gzip:  70.09 kB
dist/assets/index-BIDZSWIM.js                              326.99 kB │ gzip: 110.05 kB
dist/assets/TipTap-B5Vs0aOi.js                             339.43 kB │ gzip: 104.26 kB
dist/assets/dist-CEkaN7qk.js                               396.23 kB │ gzip: 124.28 kB
dist/assets/esm-CJpBJ2fl.js                                453.41 kB │ gzip: 149.49 kB

✓ built in 4.39s

PWA v1.3.0
Building src/sw.ts service worker ("es" format)...
vite v8.3.0 building client environment for production...

 WARN  inlineDynamicImports option is deprecated, please use codeSplitting: false instead.

transforming...
✓ 55 modules transformed.
rendering chunks...
computing gzip size...
dist/sw.mjs  16.42 kB │ gzip: 5.61 kB

✓ built in 17ms

PWA v1.3.0
mode      injectManifest
format:   es
precache  269 entries (5834.94 KiB)
files generated
  dist/sw.js
[33m[PLUGIN_TIMINGS] [0mPlugin hooks ran for 4.3s of this 4.4s build (99%).
The slowest hooks, timed inside each callback (the wait before a callback starts is excluded, the time it awaits is included):
  - @tailwindcss/vite:generate:build transform (24%, 1.0s, 12 calls)
Additional hook time came from the hooks below and from hooks under 1s.
5 hooks are listed without a time. Their calls overlapped, so the time inside one call includes work from other calls. To find their cost, profile the build with `node --cpu-prof`:
  - vite:css transform (166 calls)
  - unplugin-vue-i18n:resource load (1666 calls)
  - vite:asset load (9 calls)
  … and 2 more
See https://rolldown.rs/reference/InputOptions.checks#plugintimings for more details.

The Workbox libraries were copied to /home/ubuntu/boucle-runs/vikunja-clean/frontend/dist/workbox-v7.4.1
Add a call to workbox.setConfig({modulePathPrefix: '...'}) to your service worker to use these local libraries.
See https://goo.gl/Fo9gPX for further documentation.
INSTALL-BUILD-OK
